timestep,weekday,yearday,holiday_-2,holiday_-1,holiday_0,holiday_+1,holiday_+2,resident_pop,tourist_pop,temp_min,temp_max,prec_prob,wind_speed
25.0,2.0,20.0,0.0,0.0,1.0,0.0,0.0,1136335.9615384615,140597.1935483871,5.0,18.0,1.0,1.0
26.0,3.0,21.0,0.0,1.0,0.0,0.0,1.0,1136378.5384615385,142608.67741935485,7.0,19.0,2.0,2.0
27.0,4.0,22.0,1.0,0.0,0.0,1.0,1.0,1136421.1153846155,144620.16129032258,3.0,19.0,2.0,0.0
28.0,5.0,23.0,0.0,0.0,1.0,1.0,0.0,1136463.6923076923,146631.64516129033,3.0,18.0,0.0,0.0
29.0,6.0,24.0,0.0,1.0,1.0,0.0,0.0,1136506.2692307692,148643.12903225806,3.0,17.0,2.0,1.0
30.0,0.0,25.0,1.0,1.0,0.0,0.0,0.0,1136548.8461538462,150654.61290322582,1.0,14.0,0.0,1.0
31.0,1.0,26.0,1.0,0.0,0.0,0.0,0.0,1136591.423076923,152666.09677419355,6.0,18.0,1.0,0.0
32.0,2.0,27.0,0.0,0.0,0.0,0.0,0.0,1136634.0,154677.58064516127,3.0,16.0,0.0,1.0
33.0,3.0,28.0,0.0,0.0,0.0,0.0,1.0,1136676.576923077,156689.06451612903,3.0,17.0,0.0,0.0
34.0,4.0,29.0,0.0,0.0,0.0,1.0,1.0,1136719.1538461538,158700.5483870968,2.0,13.0,1.0,4.0
35.0,5.0,30.0,0.0,0.0,1.0,1.0,0.0,1136761.7307692308,160712.03225806452,4.0,12.0,0.0,2.0
36.0,6.0,31.0,0.0,1.0,1.0,0.0,0.0,1136804.3076923077,162723.51612903224,-2.0,14.0,1.0,0.0
37.0,0.0,32.0,1.0,1.0,0.0,0.0,0.0,1136846.8846153845,164735.0,1.0,16.0,0.0,0.0
38.0,1.0,33.0,1.0,0.0,0.0,0.0,0.0,1136889.4615384615,172569.0344827586,2.0,13.0,0.0,2.0
39.0,2.0,34.0,0.0,0.0,0.0,0.0,0.0,1136932.0384615385,180403.06896551725,3.0,14.0,2.0,2.0
40.0,3.0,35.0,0.0,0.0,0.0,0.0,1.0,1136974.6153846155,188237.10344827586,6.0,14.0,1.0,4.0
41.0,4.0,36.0,0.0,0.0,0.0,1.0,1.0,1137017.1923076923,196071.1379310345,6.0,16.0,1.0,3.0
42.0,5.0,37.0,0.0,0.0,1.0,1.0,0.0,1137059.7692307692,203905.1724137931,6.0,15.0,0.0,4.0
43.0,6.0,38.0,0.0,1.0,1.0,0.0,0.0,1137102.3461538462,211739.2068965517,2.0,10.0,3.0,1.0
44.0,0.0,39.0,1.0,1.0,0.0,0.0,0.0,1137144.923076923,219573.24137931035,5.0,13.0,3.0,3.0
45.0,1.0,40.0,1.0,0.0,0.0,0.0,0.0,1137187.5,227407.27586206896,0.0,14.0,0.0,1.0
46.0,2.0,41.0,0.0,0.0,0.0,0.0,0.0,1137230.076923077,235241.3103448276,3.0,8.0,2.0,2.0
47.0,3.0,42.0,0.0,0.0,0.0,0.0,1.0,1137272.6538461538,243075.3448275862,4.0,10.0,0.0,3.0
48.0,4.0,43.0,0.0,0.0,0.0,1.0,1.0,1137315.2307692308,250909.3793103448,8.0,13.0,3.0,4.0
49.0,5.0,44.0,0.0,0.0,1.0,1.0,0.0,1137357.8076923077,258743.41379310345,7.0,13.0,2.0,4.0
50.0,6.0,45.0,0.0,1.0,1.0,0.0,0.0,1137400.3846153845,266577.4482758621,9.0,14.0,3.0,5.0
51.0,0.0,46.0,1.0,1.0,0.0,0.0,0.0,1137442.9615384615,274411.4827586207,10.0,14.0,3.0,4.0
52.0,1.0,47.0,1.0,0.0,0.0,0.0,0.0,1137485.5384615385,282245.5172413793,8.0,15.0,2.0,2.0
53.0,2.0,48.0,0.0,0.0,0.0,0.0,0.0,1137528.1153846155,290079.5517241379,7.0,12.0,1.0,4.0
54.0,3.0,49.0,0.0,0.0,0.0,0.0,1.0,1137570.6923076923,297913.5862068966,4.0,13.0,0.0,0.0
55.0,4.0,50.0,0.0,0.0,0.0,1.0,1.0,1137613.2692307692,305747.6206896552,2.0,16.0,2.0,2.0
56.0,5.0,51.0,0.0,0.0,1.0,1.0,0.0,1137655.8461538462,313581.6551724138,9.0,16.0,2.0,0.0
57.0,6.0,52.0,0.0,1.0,1.0,0.0,0.0,1137698.423076923,321415.6896551724,8.0,14.0,0.0,1.0
58.0,0.0,53.0,1.0,1.0,0.0,0.0,0.0,1137741.0,329249.724137931,5.0,15.0,1.0,4.0
59.0,1.0,54.0,1.0,0.0,0.0,0.0,0.0,1137783.576923077,337083.7586206896,9.0,15.0,2.0,1.0
60.0,2.0,55.0,0.0,0.0,0.0,0.0,0.0,1137826.1538461538,344917.79310344823,6.0,17.0,0.0,0.0
61.0,3.0,56.0,0.0,0.0,0.0,0.0,1.0,1137868.7307692308,352751.8275862069,5.0,17.0,0.0,0.0
62.0,4.0,57.0,0.0,0.0,0.0,1.0,1.0,1137911.3076923077,360585.8620689655,10.0,16.0,2.0,2.0
63.0,5.0,58.0,0.0,0.0,1.0,1.0,0.0,1137953.8846153845,368419.8965517242,8.0,18.0,0.0,0.0
64.0,6.0,59.0,0.0,1.0,1.0,0.0,1.0,1137996.4615384615,376253.9310344828,14.0,19.0,3.0,3.0
65.0,0.0,60.0,1.0,1.0,0.0,1.0,0.0,1138039.0384615385,384087.9655172414,10.0,15.0,3.0,4.0
66.0,1.0,61.0,1.0,0.0,1.0,0.0,0.0,1138081.6153846155,391922.0,8.0,15.0,2.0,3.0
67.0,2.0,62.0,0.0,1.0,0.0,0.0,0.0,1138124.1923076923,404128.96774193546,10.0,17.0,1.0,0.0
68.0,3.0,63.0,1.0,0.0,0.0,0.0,1.0,1138166.7692307692,416335.93548387097,6.0,13.0,4.0,3.0
69.0,4.0,64.0,0.0,0.0,0.0,1.0,1.0,1138209.3461538462,428542.9032258064,5.0,14.0,2.0,3.0
70.0,5.0,65.0,0.0,0.0,1.0,1.0,0.0,1138251.923076923,440749.87096774194,1.0,15.0,1.0,0.0
71.0,6.0,66.0,0.0,1.0,1.0,0.0,0.0,1138294.5,452956.8387096774,8.0,18.0,0.0,3.0
72.0,0.0,67.0,1.0,1.0,0.0,0.0,0.0,1138337.076923077,465163.8064516129,8.0,17.0,0.0,2.0
73.0,1.0,68.0,1.0,0.0,0.0,0.0,0.0,1138379.6538461538,477370.77419354836,9.0,19.0,0.0,3.0
74.0,2.0,69.0,0.0,0.0,0.0,0.0,0.0,1138422.2307692308,489577.7419354839,9.0,18.0,0.0,1.0
75.0,3.0,70.0,0.0,0.0,0.0,0.0,1.0,1138464.8076923077,501784.70967741933,8.0,17.0,1.0,1.0
76.0,4.0,71.0,0.0,0.0,0.0,1.0,1.0,1138507.3846153845,513991.67741935485,9.0,17.0,0.0,0.0
77.0,5.0,72.0,0.0,0.0,1.0,1.0,0.0,1138549.9615384615,526198.6451612903,6.0,16.0,1.0,1.0
78.0,6.0,73.0,0.0,1.0,1.0,0.0,0.0,1138592.5384615385,538405.6129032258,2.0,15.0,0.0,0.0
79.0,0.0,74.0,1.0,1.0,0.0,0.0,0.0,1138635.1153846155,550612.5806451612,5.0,18.0,0.0,1.0
80.0,1.0,75.0,1.0,0.0,0.0,0.0,0.0,1138677.6923076923,562819.5483870967,8.0,16.0,0.0,2.0
81.0,2.0,76.0,0.0,0.0,0.0,0.0,0.0,1138720.2692307692,575026.5161290322,4.0,19.0,0.0,0.0
82.0,3.0,77.0,0.0,0.0,0.0,0.0,1.0,1138762.8461538462,587233.4838709678,1.0,19.0,0.0,2.0
83.0,4.0,78.0,0.0,0.0,0.0,1.0,1.0,1138805.423076923,599440.4516129033,7.0,22.0,2.0,1.0
84.0,5.0,79.0,0.0,0.0,1.0,1.0,0.0,1138848.0,611647.4193548387,11.0,15.0,2.0,4.0
85.0,6.0,80.0,0.0,1.0,1.0,0.0,0.0,1138890.576923077,623854.3870967742,3.0,14.0,2.0,1.0
86.0,0.0,81.0,1.0,1.0,0.0,0.0,0.0,1138933.1538461538,636061.3548387097,3.0,17.0,1.0,1.0
87.0,1.0,82.0,1.0,0.0,0.0,0.0,0.0,1138975.7307692308,648268.3225806451,10.0,18.0,0.0,1.0
88.0,2.0,83.0,0.0,0.0,0.0,0.0,1.0,1139018.3076923077,660475.2903225806,9.0,19.0,0.0,0.0
89.0,3.0,84.0,0.0,0.0,0.0,1.0,1.0,1139060.8846153845,672682.2580645161,6.0,19.0,1.0,2.0
90.0,4.0,85.0,0.0,0.0,1.0,1.0,1.0,1139103.4615384615,684889.2258064516,5.0,18.0,1.0,2.0
91.0,5.0,86.0,0.0,1.0,1.0,1.0,0.0,1139146.0384615385,697096.1935483871,6.0,20.0,2.0,1.0
92.0,6.0,87.0,1.0,1.0,1.0,0.0,0.0,1139188.6153846155,709303.1612903225,10.0,16.0,1.0,3.0
93.0,0.0,88.0,1.0,1.0,0.0,0.0,0.0,1139231.1923076923,721510.1290322581,4.0,18.0,1.0,1.0
94.0,1.0,89.0,1.0,0.0,0.0,0.0,0.0,1139273.7692307692,733717.0967741935,6.0,20.0,0.0,2.0
95.0,2.0,90.0,0.0,0.0,0.0,0.0,0.0,1139316.3461538462,745924.064516129,10.0,18.0,0.0,2.0
96.0,3.0,91.0,0.0,0.0,0.0,0.0,1.0,1139358.923076923,758131.0322580645,9.0,21.0,1.0,1.0
97.0,4.0,92.0,0.0,0.0,0.0,1.0,1.0,1139401.5,770338.0,9.0,23.0,1.0,1.0
98.0,5.0,93.0,0.0,0.0,1.0,1.0,0.0,1139444.076923077,798421.1333333333,7.0,24.0,0.0,0.0
99.0,6.0,94.0,0.0,1.0,1.0,0.0,0.0,1139486.6538461538,826504.2666666667,6.0,22.0,0.0,2.0
100.0,0.0,95.0,1.0,1.0,0.0,0.0,0.0,1139529.2307692308,854587.4,5.0,20.0,0.0,1.0
101.0,1.0,96.0,1.0,0.0,0.0,0.0,0.0,1139571.8076923077,882670.5333333333,11.0,17.0,1.0,5.0
102.0,2.0,97.0,0.0,0.0,0.0,0.0,0.0,1139614.3846153845,910753.6666666667,9.0,17.0,0.0,3.0
103.0,3.0,98.0,0.0,0.0,0.0,0.0,1.0,1139656.9615384615,938836.8,9.0,20.0,0.0,2.0
104.0,4.0,99.0,0.0,0.0,0.0,1.0,1.0,1139699.5384615385,966919.9333333333,5.0,21.0,0.0,2.0
105.0,5.0,100.0,0.0,0.0,1.0,1.0,0.0,1139742.1153846155,995003.0666666667,1.0,23.0,1.0,2.0
106.0,6.0,101.0,0.0,1.0,1.0,0.0,0.0,1139784.6923076923,1023086.2,3.0,21.0,1.0,1.0
107.0,0.0,102.0,1.0,1.0,0.0,0.0,0.0,1139827.2692307692,1051169.3333333335,4.0,21.0,0.0,2.0
108.0,1.0,103.0,1.0,0.0,0.0,0.0,0.0,1139869.8461538462,1079252.4666666668,5.0,20.0,1.0,2.0
109.0,2.0,104.0,0.0,0.0,0.0,0.0,0.0,1139912.423076923,1107335.6,2.0,19.0,0.0,0.0
110.0,3.0,105.0,0.0,0.0,0.0,0.0,1.0,1139955.0,1135418.7333333334,5.0,19.0,2.0,1.0
111.0,4.0,106.0,0.0,0.0,0.0,1.0,1.0,1139997.576923077,1163501.8666666667,10.0,18.0,2.0,0.0
112.0,5.0,107.0,0.0,0.0,1.0,1.0,0.0,1140040.1538461538,1191585.0,8.0,12.0,3.0,3.0
113.0,6.0,108.0,0.0,1.0,1.0,0.0,0.0,1140082.7307692308,1219668.1333333333,11.0,17.0,0.0,2.0
114.0,0.0,109.0,1.0,1.0,0.0,0.0,0.0,1140125.3076923077,1247751.2666666666,8.0,22.0,0.0,1.0
115.0,1.0,110.0,1.0,0.0,0.0,0.0,0.0,1140167.8846153845,1275834.4,5.0,19.0,0.0,2.0
116.0,2.0,111.0,0.0,0.0,0.0,0.0,0.0,1140210.4615384615,1303917.5333333332,8.0,19.0,0.0,0.0
117.0,3.0,112.0,0.0,0.0,0.0,0.0,1.0,1140253.0384615385,1332000.6666666667,7.0,20.0,2.0,2.0
118.0,4.0,113.0,0.0,0.0,0.0,1.0,1.0,1140295.6153846155,1360083.8,5.0,20.0,1.0,2.0
119.0,5.0,114.0,0.0,0.0,1.0,1.0,0.0,1140338.1923076923,1388166.9333333333,7.0,20.0,1.0,0.0
120.0,6.0,115.0,0.0,1.0,1.0,0.0,0.0,1140380.7692307692,1416250.0666666667,9.0,18.0,3.0,0.0
121.0,0.0,116.0,1.0,1.0,0.0,0.0,0.0,1140423.3461538462,1444333.2000000002,9.0,18.0,1.0,1.0
122.0,1.0,117.0,1.0,0.0,0.0,0.0,0.0,1140465.923076923,1472416.3333333335,8.0,18.0,0.0,0.0
123.0,2.0,118.0,0.0,0.0,0.0,0.0,0.0,1140508.5,1500499.4666666668,6.0,22.0,0.0,2.0
124.0,3.0,119.0,0.0,0.0,0.0,0.0,1.0,1140551.076923077,1528582.6,5.0,23.0,2.0,2.0
125.0,4.0,120.0,0.0,0.0,0.0,1.0,1.0,1140593.6538461538,1556665.7333333334,6.0,21.0,0.0,1.0
126.0,5.0,121.0,0.0,0.0,1.0,1.0,0.0,1140636.2307692308,1584748.8666666667,13.0,22.0,0.0,2.0
127.0,6.0,122.0,0.0,1.0,1.0,0.0,0.0,1140678.8076923077,1612832.0,8.0,22.0,0.0,2.0
128.0,0.0,123.0,1.0,1.0,0.0,0.0,0.0,1140721.3846153845,1623565.322580645,7.0,23.0,1.0,1.0
129.0,1.0,124.0,1.0,0.0,0.0,0.0,0.0,1140763.9615384615,1634298.6451612904,6.0,24.0,1.0,0.0
130.0,2.0,125.0,0.0,0.0,0.0,0.0,0.0,1140806.5384615385,1645031.9677419355,5.0,20.0,1.0,2.0
131.0,3.0,126.0,0.0,0.0,0.0,0.0,1.0,1140849.1153846155,1655765.2903225806,6.0,21.0,0.0,1.0
132.0,4.0,127.0,0.0,0.0,0.0,1.0,1.0,1140891.6923076923,1666498.6129032257,9.0,22.0,0.0,1.0
133.0,5.0,128.0,0.0,0.0,1.0,1.0,0.0,1140934.2692307692,1677231.935483871,8.0,24.0,0.0,2.0
134.0,6.0,129.0,0.0,1.0,1.0,0.0,0.0,1140976.8461538462,1687965.2580645161,11.0,24.0,0.0,3.0
135.0,0.0,130.0,1.0,1.0,0.0,0.0,0.0,1141019.423076923,1698698.5806451612,10.0,22.0,1.0,2.0
136.0,1.0,131.0,1.0,0.0,0.0,0.0,0.0,1141062.0,1709431.9032258065,7.0,21.0,1.0,1.0
137.0,2.0,132.0,0.0,0.0,0.0,0.0,0.0,1141104.576923077,1720165.2258064516,9.0,22.0,0.0,1.0
138.0,3.0,133.0,0.0,0.0,0.0,0.0,1.0,1141147.1538461538,1730898.5483870967,10.0,19.0,1.0,2.0
139.0,4.0,134.0,0.0,0.0,0.0,1.0,1.0,1141189.7307692308,1741631.870967742,8.0,17.0,0.0,3.0
140.0,5.0,135.0,0.0,0.0,1.0,1.0,0.0,1141232.3076923077,1752365.1935483871,6.0,19.0,0.0,3.0
141.0,6.0,136.0,0.0,1.0,1.0,0.0,0.0,1141274.8846153845,1763098.5161290322,3.0,22.0,1.0,0.0
142.0,0.0,137.0,1.0,1.0,0.0,0.0,0.0,1141317.4615384615,1773831.8387096773,5.0,23.0,1.0,5.0
143.0,1.0,138.0,1.0,0.0,0.0,0.0,0.0,1141360.0384615385,1784565.1612903227,7.0,25.0,1.0,3.0
144.0,2.0,139.0,0.0,0.0,0.0,0.0,0.0,1141402.6153846155,1795298.4838709678,7.0,21.0,0.0,0.0
145.0,3.0,140.0,0.0,0.0,0.0,0.0,1.0,1141445.1923076923,1806031.8064516129,12.0,23.0,2.0,3.0
146.0,4.0,141.0,0.0,0.0,0.0,1.0,1.0,1141487.7692307692,1816765.129032258,9.0,16.0,2.0,3.0
147.0,5.0,142.0,0.0,0.0,1.0,1.0,0.0,1141530.3461538462,1827498.4516129033,8.0,19.0,1.0,0.0
148.0,6.0,143.0,0.0,1.0,1.0,0.0,0.0,1141572.923076923,1838231.7741935484,2.0,19.0,0.0,2.0
149.0,0.0,144.0,1.0,1.0,0.0,0.0,0.0,1141615.5,1848965.0967741935,8.0,20.0,1.0,2.0
150.0,1.0,145.0,1.0,0.0,0.0,0.0,0.0,1141658.076923077,1859698.4193548388,12.0,18.0,1.0,1.0
151.0,2.0,146.0,0.0,0.0,0.0,0.0,0.0,1141700.6538461538,1870431.7419354839,7.0,21.0,0.0,1.0
152.0,3.0,147.0,0.0,0.0,0.0,0.0,1.0,1141743.2307692308,1881165.064516129,6.0,23.0,0.0,1.0
153.0,4.0,148.0,0.0,0.0,0.0,1.0,1.0,1141785.8076923077,1891898.3870967743,11.0,23.0,0.0,2.0
154.0,5.0,149.0,0.0,0.0,1.0,1.0,0.0,1141828.3846153845,1902631.7096774194,13.0,29.0,0.0,0.0
155.0,6.0,150.0,0.0,1.0,1.0,0.0,0.0,1141870.9615384615,1913365.0322580645,14.0,25.0,1.0,0.0
156.0,0.0,151.0,1.0,1.0,0.0,0.0,0.0,1141913.5384615385,1924098.3548387098,10.0,24.0,1.0,1.0
157.0,1.0,152.0,1.0,0.0,0.0,0.0,0.0,1141956.1153846155,1934831.677419355,10.0,23.0,0.0,0.0
158.0,2.0,153.0,0.0,0.0,0.0,0.0,0.0,1141998.6923076923,1945565.0,10.0,24.0,0.0,1.0
159.0,3.0,154.0,0.0,0.0,0.0,0.0,1.0,1142041.2692307692,1959362.5,12.0,24.0,3.0,2.0
160.0,4.0,155.0,0.0,0.0,0.0,1.0,1.0,1142083.8461538462,1973160.0,16.0,24.0,1.0,3.0
161.0,5.0,156.0,0.0,0.0,1.0,1.0,0.0,1142126.423076923,1986957.5,15.0,25.0,1.0,1.0
162.0,6.0,157.0,0.0,1.0,1.0,0.0,0.0,1142169.0,2000755.0,15.0,24.0,1.0,1.0
163.0,0.0,158.0,1.0,1.0,0.0,0.0,0.0,1142211.576923077,2014552.5,11.0,26.0,1.0,2.0
164.0,1.0,159.0,1.0,0.0,0.0,0.0,0.0,1142254.1538461538,2028350.0,11.0,25.0,2.0,0.0
165.0,2.0,160.0,0.0,0.0,0.0,0.0,0.0,1142296.7307692308,2042147.5,14.0,28.0,0.0,1.0
166.0,3.0,161.0,0.0,0.0,0.0,0.0,1.0,1142339.3076923077,2055945.0,14.0,29.0,1.0,1.0
167.0,4.0,162.0,0.0,0.0,0.0,1.0,1.0,1142381.8846153845,2069742.5,11.0,26.0,0.0,3.0
168.0,5.0,163.0,0.0,0.0,1.0,1.0,0.0,1142424.4615384615,2083540.0,12.0,23.0,0.0,3.0
169.0,6.0,164.0,0.0,1.0,1.0,0.0,0.0,1142467.0384615385,2097337.5,9.0,25.0,1.0,1.0
170.0,0.0,165.0,1.0,1.0,0.0,0.0,0.0,1142509.6153846155,2111135.0,12.0,26.0,0.0,1.0
171.0,1.0,166.0,1.0,0.0,0.0,0.0,0.0,1142552.1923076923,2124932.5,14.0,28.0,1.0,2.0
172.0,2.0,167.0,0.0,0.0,0.0,0.0,0.0,1142594.7692307692,2138730.0,13.0,30.0,0.0,0.0
173.0,3.0,168.0,0.0,0.0,0.0,0.0,1.0,1142637.3461538462,2152527.5,14.0,27.0,1.0,0.0
174.0,4.0,169.0,0.0,0.0,0.0,1.0,1.0,1142679.923076923,2166325.0,12.0,29.0,1.0,1.0
175.0,5.0,170.0,0.0,0.0,1.0,1.0,0.0,1142722.5,2180122.5,16.0,29.0,0.0,0.0
176.0,6.0,171.0,0.0,1.0,1.0,0.0,0.0,1142765.076923077,2193920.0,13.0,33.0,0.0,2.0
177.0,0.0,172.0,1.0,1.0,0.0,0.0,0.0,1142807.6538461538,2207717.5,17.0,32.0,1.0,0.0
178.0,1.0,173.0,1.0,0.0,0.0,0.0,0.0,1142850.2307692308,2221515.0,16.0,31.0,1.0,0.0
179.0,2.0,174.0,0.0,0.0,0.0,0.0,0.0,1142892.8076923077,2235312.5,15.0,26.0,1.0,1.0
180.0,3.0,175.0,0.0,0.0,0.0,0.0,1.0,1142935.3846153845,2249110.0,16.0,28.0,0.0,0.0
181.0,4.0,176.0,0.0,0.0,0.0,1.0,1.0,1142977.9615384615,2262907.5,17.0,28.0,0.0,0.0
182.0,5.0,177.0,0.0,0.0,1.0,1.0,0.0,1143020.5384615385,2276705.0,17.0,30.0,0.0,2.0
183.0,6.0,178.0,0.0,1.0,1.0,0.0,0.0,1143063.1153846155,2290502.5,17.0,32.0,2.0,2.0
184.0,0.0,179.0,1.0,1.0,0.0,0.0,0.0,1143105.6923076923,2304300.0,18.0,27.0,2.0,1.0
185.0,1.0,180.0,1.0,0.0,0.0,0.0,0.0,1143148.2692307692,2318097.5,16.0,23.0,0.0,1.0
186.0,2.0,181.0,0.0,0.0,0.0,0.0,0.0,1143190.8461538462,2331895.0,14.0,25.0,0.0,1.0
187.0,3.0,182.0,0.0,0.0,0.0,0.0,1.0,1143233.423076923,2345692.5,15.0,28.0,0.0,2.0
188.0,4.0,183.0,0.0,0.0,0.0,1.0,1.0,1143276.0,2359490.0,16.0,28.0,1.0,0.0
189.0,5.0,184.0,0.0,0.0,1.0,1.0,0.0,1143317.625,2357326.6129032257,17.0,29.0,1.0,0.0
190.0,6.0,185.0,0.0,1.0,1.0,0.0,0.0,1143359.25,2355163.2258064514,15.0,28.0,1.0,2.0
191.0,0.0,186.0,1.0,1.0,0.0,0.0,0.0,1143400.875,2352999.8387096776,17.0,32.0,0.0,2.0
192.0,1.0,187.0,1.0,0.0,0.0,0.0,0.0,1143442.5,2350836.4516129033,16.0,28.0,2.0,0.0
193.0,2.0,188.0,0.0,0.0,0.0,0.0,0.0,1143484.125,2348673.064516129,16.0,36.0,0.0,1.0
194.0,3.0,189.0,0.0,0.0,0.0,0.0,1.0,1143525.75,2346509.6774193547,18.0,36.0,0.0,0.0
195.0,4.0,190.0,0.0,0.0,0.0,1.0,1.0,1143567.375,2344346.290322581,21.0,35.0,1.0,2.0
196.0,5.0,191.0,0.0,0.0,1.0,1.0,0.0,1143609.0,2342182.9032258065,18.0,35.0,0.0,0.0
197.0,6.0,192.0,0.0,1.0,1.0,0.0,0.0,1143650.625,2340019.5161290322,20.0,33.0,0.0,2.0
198.0,0.0,193.0,1.0,1.0,0.0,0.0,0.0,1143692.25,2337856.129032258,20.0,33.0,1.0,2.0
199.0,1.0,194.0,1.0,0.0,0.0,0.0,0.0,1143733.875,2335692.7419354836,18.0,31.0,1.0,2.0
200.0,2.0,195.0,0.0,0.0,0.0,0.0,0.0,1143775.5,2333529.35483871,20.0,31.0,0.0,0.0
201.0,3.0,196.0,0.0,0.0,0.0,0.0,1.0,1143817.125,2331365.9677419355,19.0,30.0,1.0,0.0
202.0,4.0,197.0,0.0,0.0,0.0,1.0,1.0,1143858.75,2329202.580645161,19.0,31.0,1.0,2.0
203.0,5.0,198.0,0.0,0.0,1.0,1.0,0.0,1143900.375,2327039.193548387,18.0,32.0,1.0,2.0
204.0,6.0,199.0,0.0,1.0,1.0,0.0,0.0,1143942.0,2324875.806451613,18.0,30.0,2.0,0.0
205.0,0.0,200.0,1.0,1.0,0.0,0.0,0.0,1143983.625,2322712.419354839,20.0,36.0,0.0,2.0
206.0,1.0,201.0,1.0,0.0,0.0,0.0,0.0,1144025.25,2320549.0322580645,19.0,33.0,1.0,3.0
207.0,2.0,202.0,0.0,0.0,0.0,0.0,0.0,1144066.875,2318385.64516129,21.0,30.0,2.0,3.0
208.0,3.0,203.0,0.0,0.0,0.0,0.0,1.0,1144108.5,2316222.2580645164,23.0,31.0,2.0,3.0
209.0,4.0,204.0,0.0,0.0,0.0,1.0,1.0,1144150.125,2314058.870967742,21.0,28.0,0.0,1.0
210.0,5.0,205.0,0.0,0.0,1.0,1.0,0.0,1144191.75,2311895.4838709678,18.0,26.0,2.0,4.0
211.0,6.0,206.0,0.0,1.0,1.0,0.0,0.0,1144233.375,2309732.0967741935,19.0,26.0,1.0,1.0
212.0,0.0,207.0,1.0,1.0,0.0,0.0,0.0,1144275.0,2307568.709677419,16.0,29.0,0.0,2.0
213.0,1.0,208.0,1.0,0.0,0.0,0.0,0.0,1144316.625,2305405.3225806453,14.0,30.0,0.0,2.0
214.0,2.0,209.0,0.0,0.0,0.0,0.0,0.0,1144358.25,2303241.935483871,16.0,32.0,0.0,0.0
215.0,3.0,210.0,0.0,0.0,0.0,0.0,1.0,1144399.875,2301078.5483870967,16.0,33.0,1.0,0.0
216.0,4.0,211.0,0.0,0.0,0.0,1.0,1.0,1144441.5,2298915.1612903224,19.0,36.0,0.0,0.0
217.0,5.0,212.0,0.0,0.0,1.0,1.0,0.0,1144483.125,2296751.7741935486,22.0,39.0,0.0,0.0
218.0,6.0,213.0,0.0,1.0,1.0,0.0,0.0,1144524.75,2294588.3870967743,22.0,32.0,2.0,0.0
219.0,0.0,214.0,1.0,1.0,0.0,0.0,0.0,1144566.375,2292425.0,18.0,32.0,0.0,2.0
220.0,1.0,215.0,1.0,0.0,0.0,0.0,0.0,1144608.0,2278521.419354839,19.0,34.0,0.0,1.0
221.0,2.0,216.0,0.0,0.0,0.0,0.0,0.0,1144649.625,2264617.8387096776,22.0,35.0,1.0,3.0
222.0,3.0,217.0,0.0,0.0,0.0,0.0,1.0,1144691.25,2250714.2580645164,19.0,33.0,1.0,2.0
223.0,4.0,218.0,0.0,0.0,0.0,1.0,1.0,1144732.875,2236810.6774193547,20.0,33.0,0.0,1.0
224.0,5.0,219.0,0.0,0.0,1.0,1.0,0.0,1144774.5,2222907.0967741935,21.0,34.0,0.0,3.0
225.0,6.0,220.0,0.0,1.0,1.0,0.0,0.0,1144816.125,2209003.5161290322,21.0,33.0,1.0,2.0
226.0,0.0,221.0,1.0,1.0,0.0,0.0,0.0,1144857.75,2195099.935483871,19.0,33.0,1.0,0.0
227.0,1.0,222.0,1.0,0.0,0.0,0.0,0.0,1144899.375,2181196.35483871,19.0,35.0,0.0,1.0
228.0,2.0,223.0,0.0,0.0,0.0,0.0,0.0,1144941.0,2167292.7741935486,21.0,35.0,1.0,2.0
229.0,3.0,224.0,0.0,0.0,0.0,0.0,1.0,1144982.625,2153389.193548387,19.0,34.0,2.0,1.0
230.0,4.0,225.0,0.0,0.0,0.0,1.0,1.0,1145024.25,2139485.6129032257,23.0,34.0,0.0,0.0
231.0,5.0,226.0,0.0,0.0,1.0,1.0,1.0,1145065.875,2125582.0322580645,23.0,31.0,0.0,3.0
232.0,6.0,227.0,0.0,1.0,1.0,1.0,0.0,1145107.5,2111678.4516129033,21.0,30.0,0.0,0.0
233.0,0.0,228.0,1.0,1.0,1.0,0.0,0.0,1145149.125,2097774.870967742,20.0,36.0,2.0,2.0
234.0,1.0,229.0,1.0,1.0,0.0,0.0,0.0,1145190.75,2083871.2903225806,20.0,31.0,0.0,1.0
235.0,2.0,230.0,1.0,0.0,0.0,0.0,0.0,1145232.375,2069967.7096774194,20.0,28.0,0.0,3.0
236.0,3.0,231.0,0.0,0.0,0.0,0.0,1.0,1145274.0,2056064.129032258,20.0,28.0,0.0,2.0
237.0,4.0,232.0,0.0,0.0,0.0,1.0,1.0,1145315.625,2042160.5483870967,20.0,31.0,1.0,0.0
238.0,5.0,233.0,0.0,0.0,1.0,1.0,0.0,1145357.25,2028256.9677419355,20.0,33.0,0.0,0.0
239.0,6.0,234.0,0.0,1.0,1.0,0.0,0.0,1145398.875,2014353.3870967743,20.0,35.0,1.0,2.0
240.0,0.0,235.0,1.0,1.0,0.0,0.0,0.0,1145440.5,2000449.8064516129,19.0,34.0,2.0,3.0
241.0,1.0,236.0,1.0,0.0,0.0,0.0,0.0,1145482.125,1986546.2258064516,20.0,38.0,1.0,3.0
242.0,2.0,237.0,0.0,0.0,0.0,0.0,0.0,1145523.75,1972642.6451612904,24.0,38.0,1.0,2.0
243.0,3.0,238.0,0.0,0.0,0.0,0.0,1.0,1145565.375,1958739.064516129,25.0,37.0,0.0,1.0
244.0,4.0,239.0,0.0,0.0,0.0,1.0,1.0,1145607.0,1944835.4838709678,25.0,36.0,2.0,2.0
245.0,5.0,240.0,0.0,0.0,1.0,1.0,0.0,1145648.625,1930931.9032258065,24.0,37.0,1.0,1.0
246.0,6.0,241.0,0.0,1.0,1.0,0.0,0.0,1145690.25,1917028.322580645,21.0,38.0,2.0,0.0
247.0,0.0,242.0,1.0,1.0,0.0,0.0,0.0,1145731.875,1903124.7419354839,24.0,33.0,0.0,0.0
248.0,1.0,243.0,1.0,0.0,0.0,0.0,0.0,1145773.5,1889221.1612903227,22.0,34.0,0.0,3.0
249.0,2.0,244.0,0.0,0.0,0.0,0.0,0.0,1145815.125,1875317.5806451612,26.0,35.0,0.0,2.0
250.0,3.0,245.0,0.0,0.0,0.0,0.0,1.0,1145856.75,1861414.0,23.0,31.0,0.0,1.0
251.0,4.0,246.0,0.0,0.0,0.0,1.0,1.0,1145898.375,1840781.7,19.0,27.0,3.0,4.0
252.0,5.0,247.0,0.0,0.0,1.0,1.0,0.0,1145940.0,1820149.4,17.0,29.0,2.0,3.0
253.0,6.0,248.0,0.0,1.0,1.0,0.0,0.0,1145981.625,1799517.1,14.0,29.0,2.0,3.0
254.0,0.0,249.0,1.0,1.0,0.0,0.0,0.0,1146023.25,1778884.8,19.0,32.0,0.0,0.0
255.0,1.0,250.0,1.0,0.0,0.0,0.0,0.0,1146064.875,1758252.5,19.0,34.0,1.0,0.0
256.0,2.0,251.0,0.0,0.0,0.0,0.0,0.0,1146106.5,1737620.2,21.0,34.0,1.0,3.0
257.0,3.0,252.0,0.0,0.0,0.0,0.0,1.0,1146148.125,1716987.9,24.0,36.0,1.0,1.0
258.0,4.0,253.0,0.0,0.0,0.0,1.0,1.0,1146189.75,1696355.6,23.0,36.0,0.0,0.0
259.0,5.0,254.0,0.0,0.0,1.0,1.0,0.0,1146231.375,1675723.3,22.0,34.0,0.0,0.0
260.0,6.0,255.0,0.0,1.0,1.0,0.0,0.0,1146273.0,1655091.0,22.0,32.0,1.0,3.0
261.0,0.0,256.0,1.0,1.0,0.0,0.0,0.0,1146314.625,1634458.7,22.0,31.0,0.0,0.0
262.0,1.0,257.0,1.0,0.0,0.0,0.0,0.0,1146356.25,1613826.4,17.0,33.0,0.0,0.0
263.0,2.0,258.0,0.0,0.0,0.0,0.0,0.0,1146397.875,1593194.1,17.0,32.0,1.0,1.0
264.0,3.0,259.0,0.0,0.0,0.0,0.0,1.0,1146439.5,1572561.8,20.0,32.0,0.0,2.0
265.0,4.0,260.0,0.0,0.0,0.0,1.0,1.0,1146481.125,1551929.5,18.0,33.0,0.0,1.0
266.0,5.0,261.0,0.0,0.0,1.0,1.0,0.0,1146522.75,1531297.2,18.0,34.0,2.0,0.0
267.0,6.0,262.0,0.0,1.0,1.0,0.0,0.0,1146564.375,1510664.9,22.0,35.0,0.0,3.0
268.0,0.0,263.0,1.0,1.0,0.0,0.0,0.0,1146606.0,1490032.6,21.0,34.0,0.0,1.0
269.0,1.0,264.0,1.0,0.0,0.0,0.0,0.0,1146647.625,1469400.3,24.0,36.0,1.0,0.0
270.0,2.0,265.0,0.0,0.0,0.0,0.0,0.0,1146689.25,1448768.0,24.0,35.0,3.0,2.0
271.0,3.0,266.0,0.0,0.0,0.0,0.0,1.0,1146730.875,1428135.7,23.0,32.0,0.0,2.0
272.0,4.0,267.0,0.0,0.0,0.0,1.0,1.0,1146772.5,1407503.4,21.0,30.0,1.0,3.0
273.0,5.0,268.0,0.0,0.0,1.0,1.0,0.0,1146814.125,1386871.1,22.0,30.0,2.0,2.0
274.0,6.0,269.0,0.0,1.0,1.0,0.0,0.0,1146855.75,1366238.8,17.0,29.0,4.0,2.0
275.0,0.0,270.0,1.0,1.0,0.0,0.0,0.0,1146897.375,1345606.5,16.0,28.0,0.0,0.0
276.0,1.0,271.0,1.0,0.0,0.0,0.0,0.0,1146939.0,1324974.2000000002,19.0,29.0,1.0,1.0
277.0,2.0,272.0,0.0,0.0,0.0,0.0,0.0,1146980.625,1304341.9,20.0,31.0,1.0,2.0
278.0,3.0,273.0,0.0,0.0,0.0,0.0,1.0,1147022.25,1283709.6,20.0,31.0,1.0,2.0
279.0,4.0,274.0,0.0,0.0,0.0,1.0,1.0,1147063.875,1263077.3,18.0,25.0,2.0,5.0
280.0,5.0,275.0,0.0,0.0,1.0,1.0,0.0,1147105.5,1242445.0,17.0,28.0,1.0,2.0
281.0,6.0,276.0,0.0,1.0,1.0,0.0,0.0,1147147.125,1207290.8064516129,15.0,29.0,1.0,4.0
282.0,0.0,277.0,1.0,1.0,0.0,0.0,0.0,1147188.75,1172136.6129032257,14.0,23.0,2.0,1.0
283.0,1.0,278.0,1.0,0.0,0.0,0.0,0.0,1147230.375,1136982.4193548388,19.0,27.0,0.0,1.0
284.0,2.0,279.0,0.0,0.0,0.0,0.0,0.0,1147272.0,1101828.2258064516,20.0,26.0,2.0,0.0
285.0,3.0,280.0,0.0,0.0,0.0,0.0,1.0,1147313.625,1066674.0322580645,14.0,27.0,0.0,0.0
286.0,4.0,281.0,0.0,0.0,0.0,1.0,1.0,1147355.25,1031519.8387096773,18.0,30.0,2.0,4.0
287.0,5.0,282.0,0.0,0.0,1.0,1.0,0.0,1147396.875,996365.6451612903,15.0,26.0,0.0,4.0
288.0,6.0,283.0,0.0,1.0,1.0,0.0,0.0,1147438.5,961211.4516129033,17.0,21.0,1.0,0.0
289.0,0.0,284.0,1.0,1.0,0.0,0.0,1.0,1147480.125,926057.2580645161,13.0,26.0,0.0,1.0
290.0,1.0,285.0,1.0,0.0,0.0,1.0,0.0,1147521.75,890903.064516129,15.0,27.0,0.0,2.0
291.0,2.0,286.0,0.0,0.0,1.0,0.0,0.0,1147563.375,855748.8709677419,15.0,24.0,2.0,1.0
292.0,3.0,287.0,0.0,1.0,0.0,0.0,1.0,1147605.0,820594.6774193548,12.0,25.0,2.0,0.0
293.0,4.0,288.0,1.0,0.0,0.0,1.0,1.0,1147646.625,785440.4838709678,16.0,28.0,0.0,2.0
294.0,5.0,289.0,0.0,0.0,1.0,1.0,0.0,1147688.25,750286.2903225806,15.0,28.0,2.0,0.0
295.0,6.0,290.0,0.0,1.0,1.0,0.0,0.0,1147729.875,715132.0967741936,15.0,28.0,1.0,1.0
296.0,0.0,291.0,1.0,1.0,0.0,0.0,0.0,1147771.5,679977.9032258064,16.0,27.0,0.0,0.0
297.0,1.0,292.0,1.0,0.0,0.0,0.0,0.0,1147813.125,644823.7096774193,18.0,28.0,1.0,1.0
298.0,2.0,293.0,0.0,0.0,0.0,0.0,0.0,1147854.75,609669.5161290322,17.0,25.0,4.0,1.0
299.0,3.0,294.0,0.0,0.0,0.0,0.0,1.0,1147896.375,574515.3225806451,16.0,26.0,1.0,2.0
300.0,4.0,295.0,0.0,0.0,0.0,1.0,1.0,1147938.0,539361.1290322581,14.0,28.0,0.0,0.0
301.0,5.0,296.0,0.0,0.0,1.0,1.0,0.0,1147979.625,504206.9354838709,15.0,28.0,0.0,2.0
302.0,6.0,297.0,0.0,1.0,1.0,0.0,0.0,1148021.25,469052.7419354839,14.0,26.0,0.0,2.0
303.0,0.0,298.0,1.0,1.0,0.0,0.0,0.0,1148062.875,433898.54838709673,18.0,27.0,0.0,1.0
304.0,1.0,299.0,1.0,0.0,0.0,0.0,0.0,1148104.5,398744.3548387096,15.0,26.0,0.0,1.0
305.0,2.0,300.0,0.0,0.0,0.0,0.0,0.0,1148146.125,363590.16129032255,17.0,27.0,3.0,2.0
306.0,3.0,301.0,0.0,0.0,0.0,0.0,1.0,1148187.75,328435.9677419354,17.0,26.0,1.0,1.0
307.0,4.0,302.0,0.0,0.0,0.0,1.0,1.0,1148229.375,293281.77419354836,15.0,25.0,0.0,0.0
308.0,5.0,303.0,0.0,0.0,1.0,1.0,0.0,1148271.0,258127.58064516122,15.0,27.0,1.0,4.0
309.0,6.0,304.0,0.0,1.0,1.0,0.0,1.0,1148312.625,222973.38709677418,13.0,23.0,1.0,2.0
310.0,0.0,305.0,1.0,1.0,0.0,1.0,0.0,1148354.25,187819.19354838715,11.0,24.0,0.0,2.0
311.0,1.0,306.0,1.0,0.0,1.0,0.0,0.0,1148395.875,152665.0,13.0,25.0,0.0,1.0
312.0,2.0,307.0,0.0,1.0,0.0,0.0,0.0,1148437.5,150954.1,13.0,26.0,1.0,1.0
313.0,3.0,308.0,1.0,0.0,0.0,0.0,1.0,1148479.125,149243.2,14.0,27.0,0.0,1.0
314.0,4.0,309.0,0.0,0.0,0.0,1.0,1.0,1148520.75,147532.3,15.0,26.0,1.0,2.0
315.0,5.0,310.0,0.0,0.0,1.0,1.0,0.0,1148562.375,145821.4,12.0,27.0,0.0,2.0
316.0,6.0,311.0,0.0,1.0,1.0,0.0,0.0,1148604.0,144110.5,12.0,28.0,0.0,0.0
317.0,0.0,312.0,1.0,1.0,0.0,0.0,0.0,1148645.625,142399.6,15.0,26.0,1.0,2.0
318.0,1.0,313.0,1.0,0.0,0.0,0.0,0.0,1148687.25,140688.7,13.0,28.0,3.0,1.0
319.0,2.0,314.0,0.0,0.0,0.0,0.0,0.0,1148728.875,138977.8,16.0,27.0,0.0,2.0
320.0,3.0,315.0,0.0,0.0,0.0,0.0,1.0,1148770.5,137266.9,16.0,26.0,2.0,3.0
321.0,4.0,316.0,0.0,0.0,0.0,1.0,1.0,1148812.125,135556.0,15.0,22.0,4.0,2.0
322.0,5.0,317.0,0.0,0.0,1.0,1.0,0.0,1148853.75,133845.1,11.0,25.0,1.0,1.0
323.0,6.0,318.0,0.0,1.0,1.0,0.0,0.0,1148895.375,132134.2,10.0,27.0,0.0,2.0
324.0,0.0,319.0,1.0,1.0,0.0,0.0,0.0,1148937.0,130423.3,12.0,23.0,1.0,2.0
325.0,1.0,320.0,1.0,0.0,0.0,0.0,0.0,1148978.625,128712.4,9.0,22.0,1.0,2.0
326.0,2.0,321.0,0.0,0.0,0.0,0.0,0.0,1149020.25,127001.5,9.0,24.0,1.0,1.0
327.0,3.0,322.0,0.0,0.0,0.0,0.0,1.0,1149061.875,125290.6,10.0,26.0,1.0,0.0
328.0,4.0,323.0,0.0,0.0,0.0,1.0,1.0,1149103.5,123579.7,11.0,24.0,0.0,1.0
329.0,5.0,324.0,0.0,0.0,1.0,1.0,0.0,1149145.125,121868.8,11.0,25.0,0.0,0.0
330.0,6.0,325.0,0.0,1.0,1.0,0.0,0.0,1149186.75,120157.9,14.0,24.0,2.0,2.0
331.0,0.0,326.0,1.0,1.0,0.0,0.0,0.0,1149228.375,118447.0,12.0,23.0,2.0,2.0
332.0,1.0,327.0,1.0,0.0,0.0,0.0,0.0,1149270.0,116736.1,10.0,24.0,1.0,1.0
333.0,2.0,328.0,0.0,0.0,0.0,0.0,0.0,1149311.625,115025.2,12.0,24.0,2.0,2.0
334.0,3.0,329.0,0.0,0.0,0.0,0.0,1.0,1149353.25,113314.29999999999,10.0,22.0,2.0,2.0
335.0,4.0,330.0,0.0,0.0,0.0,1.0,1.0,1149394.875,111603.4,8.0,24.0,0.0,0.0
336.0,5.0,331.0,0.0,0.0,1.0,1.0,0.0,1149436.5,109892.5,10.0,25.0,0.0,1.0
337.0,6.0,332.0,0.0,1.0,1.0,0.0,0.0,1149478.125,108181.6,14.0,25.0,0.0,2.0
338.0,0.0,333.0,1.0,1.0,0.0,0.0,0.0,1149519.75,106470.7,13.0,23.0,0.0,1.0
339.0,1.0,334.0,1.0,0.0,0.0,0.0,0.0,1149561.375,104759.79999999999,9.0,17.0,0.0,4.0
340.0,2.0,335.0,0.0,0.0,0.0,0.0,0.0,1149603.0,103048.9,9.0,19.0,0.0,1.0
341.0,3.0,336.0,0.0,0.0,0.0,0.0,1.0,1149644.625,101338.0,9.0,19.0,1.0,2.0
342.0,4.0,337.0,0.0,0.0,0.0,1.0,1.0,1149686.25,101525.67741935483,6.0,15.0,3.0,1.0
343.0,5.0,338.0,0.0,0.0,1.0,1.0,0.0,1149727.875,101713.35483870968,7.0,16.0,5.0,3.0
344.0,6.0,339.0,0.0,1.0,1.0,0.0,1.0,1149769.5,101901.03225806452,9.0,18.0,0.0,1.0
345.0,0.0,340.0,1.0,1.0,0.0,1.0,0.0,1149811.125,102088.70967741935,13.0,19.0,1.0,4.0
346.0,1.0,341.0,1.0,0.0,1.0,0.0,1.0,1149852.75,102276.3870967742,10.0,18.0,0.0,2.0
347.0,2.0,342.0,0.0,1.0,0.0,1.0,0.0,1149894.375,102464.06451612903,11.0,14.0,2.0,5.0
348.0,3.0,343.0,1.0,0.0,1.0,0.0,1.0,1149936.0,102651.74193548386,3.0,18.0,1.0,2.0
349.0,4.0,344.0,0.0,1.0,0.0,1.0,1.0,1149977.625,102839.41935483871,1.0,18.0,0.0,1.0
350.0,5.0,345.0,1.0,0.0,1.0,1.0,0.0,1150019.25,103027.09677419355,1.0,19.0,2.0,0.0
351.0,6.0,346.0,0.0,1.0,1.0,0.0,0.0,1150060.875,103214.7741935484,3.0,21.0,0.0,1.0
352.0,0.0,347.0,1.0,1.0,0.0,0.0,0.0,1150102.5,103402.45161290323,4.0,20.0,0.0,0.0
353.0,1.0,348.0,1.0,0.0,0.0,0.0,0.0,1150144.125,103590.12903225806,4.0,19.0,3.0,1.0
354.0,2.0,349.0,0.0,0.0,0.0,0.0,0.0,1150185.75,103777.80645161291,5.0,21.0,0.0,0.0
355.0,3.0,350.0,0.0,0.0,0.0,0.0,1.0,1150227.375,103965.48387096774,5.0,21.0,0.0,1.0
356.0,4.0,351.0,0.0,0.0,0.0,1.0,1.0,1150269.0,104153.16129032258,7.0,22.0,0.0,0.0
357.0,5.0,352.0,0.0,0.0,1.0,1.0,0.0,1150310.625,104340.83870967742,5.0,23.0,1.0,0.0
358.0,6.0,353.0,0.0,1.0,1.0,0.0,0.0,1150352.25,104528.51612903226,11.0,22.0,0.0,1.0
359.0,0.0,354.0,1.0,1.0,0.0,0.0,0.0,1150393.875,104716.19354838709,3.0,14.0,2.0,2.0
360.0,1.0,355.0,1.0,0.0,0.0,0.0,0.0,1150435.5,104903.87096774194,3.0,18.0,0.0,1.0
361.0,2.0,356.0,0.0,0.0,0.0,0.0,0.0,1150477.125,105091.54838709677,6.0,21.0,2.0,1.0
362.0,3.0,357.0,0.0,0.0,0.0,0.0,1.0,1150518.75,105279.2258064516,6.0,15.0,3.0,2.0
363.0,4.0,358.0,0.0,0.0,0.0,1.0,1.0,1150560.375,105466.90322580645,5.0,11.0,3.0,1.0
364.0,5.0,359.0,0.0,0.0,1.0,1.0,1.0,1150602.0,105654.58064516129,2.0,13.0,2.0,3.0
365.0,6.0,360.0,0.0,1.0,1.0,1.0,0.0,1150643.625,105842.25806451612,7.0,18.0,1.0,1.0
366.0,0.0,361.0,1.0,1.0,1.0,0.0,0.0,1150685.25,106029.93548387097,5.0,18.0,1.0,1.0
367.0,1.0,362.0,1.0,1.0,0.0,0.0,0.0,1150726.875,106217.6129032258,8.0,19.0,1.0,0.0
368.0,2.0,363.0,1.0,0.0,0.0,0.0,0.0,1150768.5,106405.29032258065,12.0,18.0,0.0,0.0
369.0,3.0,364.0,0.0,0.0,0.0,0.0,1.0,1150810.125,106592.96774193548,12.0,19.0,1.0,0.0
370.0,4.0,365.0,0.0,0.0,0.0,1.0,1.0,1150851.75,106780.64516129032,11.0,19.0,1.0,0.0
371.0,5.0,366.0,0.0,0.0,1.0,1.0,0.0,1150893.375,106968.32258064517,10.0,19.0,1.0,0.0
372.0,6.0,1.0,0.0,1.0,1.0,0.0,0.0,1150935.0,107156.0,9.0,20.0,0.0,1.0
373.0,0.0,2.0,1.0,1.0,0.0,0.0,0.0,1150973.9060773482,108950.03225806452,10.0,20.0,0.0,1.0
374.0,1.0,3.0,1.0,0.0,0.0,0.0,0.0,1151012.812154696,110744.06451612903,8.0,19.0,0.0,1.0
375.0,2.0,4.0,0.0,0.0,0.0,0.0,1.0,1151051.7182320443,112538.09677419355,8.0,18.0,1.0,1.0
376.0,3.0,5.0,0.0,0.0,0.0,1.0,1.0,1151090.6243093922,114332.12903225806,4.0,17.0,1.0,0.0
377.0,4.0,6.0,0.0,0.0,1.0,1.0,1.0,1151129.5303867403,116126.16129032258,4.0,18.0,1.0,1.0
378.0,5.0,7.0,0.0,1.0,1.0,1.0,0.0,1151168.4364640885,117920.19354838709,7.0,18.0,0.0,1.0
379.0,6.0,8.0,1.0,1.0,1.0,0.0,0.0,1151207.3425414364,119714.2258064516,8.0,17.0,2.0,4.0
380.0,0.0,9.0,1.0,1.0,0.0,0.0,0.0,1151246.2486187846,121508.25806451612,11.0,17.0,2.0,3.0
381.0,1.0,10.0,1.0,0.0,0.0,0.0,0.0,1151285.1546961325,123302.29032258064,9.0,16.0,3.0,3.0
382.0,2.0,11.0,0.0,0.0,0.0,0.0,0.0,1151324.0607734807,125096.32258064515,10.0,16.0,3.0,3.0
383.0,3.0,12.0,0.0,0.0,0.0,0.0,1.0,1151362.9668508288,126890.35483870968,9.0,14.0,3.0,3.0
384.0,4.0,13.0,0.0,0.0,0.0,1.0,1.0,1151401.8729281768,128684.3870967742,8.0,14.0,2.0,4.0
385.0,5.0,14.0,0.0,0.0,1.0,1.0,0.0,1151440.779005525,130478.41935483871,11.0,17.0,3.0,3.0
386.0,6.0,15.0,0.0,1.0,1.0,0.0,0.0,1151479.6850828729,132272.4516129032,7.0,17.0,0.0,1.0
387.0,0.0,16.0,1.0,1.0,0.0,0.0,0.0,1151518.591160221,134066.48387096776,4.0,18.0,1.0,1.0
388.0,1.0,17.0,1.0,0.0,0.0,0.0,0.0,1151557.497237569,135860.51612903224,5.0,18.0,1.0,1.0
389.0,2.0,18.0,0.0,0.0,0.0,0.0,1.0,1151596.403314917,137654.5483870968,5.0,19.0,1.0,2.0
390.0,3.0,19.0,0.0,0.0,0.0,1.0,1.0,1151635.3093922653,139448.58064516127,5.0,19.0,1.0,1.0
391.0,4.0,20.0,0.0,0.0,1.0,1.0,1.0,1151674.2154696132,141242.61290322582,8.0,19.0,1.0,2.0
392.0,5.0,21.0,0.0,1.0,1.0,1.0,0.0,1151713.1215469614,143036.6451612903,4.0,19.0,2.0,1.0
393.0,6.0,22.0,1.0,1.0,1.0,0.0,0.0,1151752.0276243093,144830.67741935485,2.0,17.0,0.0,1.0
394.0,0.0,23.0,1.0,1.0,0.0,0.0,0.0,1151790.9337016575,146624.70967741936,2.0,16.0,1.0,1.0
395.0,1.0,24.0,1.0,0.0,0.0,0.0,0.0,1151829.8397790056,148418.74193548388,2.0,15.0,0.0,0.0
396.0,2.0,25.0,0.0,0.0,0.0,0.0,0.0,1151868.7458563535,150212.7741935484,5.0,17.0,1.0,0.0
397.0,3.0,26.0,0.0,0.0,0.0,0.0,1.0,1151907.6519337017,152006.8064516129,3.0,17.0,0.0,0.0
398.0,4.0,27.0,0.0,0.0,0.0,1.0,1.0,1151946.5580110496,153800.83870967742,2.0,17.0,0.0,1.0
399.0,5.0,28.0,0.0,0.0,1.0,1.0,0.0,1151985.4640883978,155594.87096774194,3.0,14.0,0.0,4.0
400.0,6.0,29.0,0.0,1.0,1.0,0.0,0.0,1152024.370165746,157388.90322580645,4.0,12.0,0.0,3.0
401.0,0.0,30.0,1.0,1.0,0.0,0.0,0.0,1152063.276243094,159182.93548387097,-1.0,14.0,0.0,1.0
402.0,1.0,31.0,1.0,0.0,0.0,0.0,0.0,1152102.182320442,160976.96774193548,0.0,15.0,0.0,1.0
403.0,2.0,32.0,0.0,0.0,0.0,0.0,0.0,1152141.08839779,162771.0,1.0,13.0,1.0,3.0
404.0,3.0,33.0,0.0,0.0,0.0,0.0,1.0,1152179.9944751381,168580.67857142858,3.0,15.0,1.0,3.0
405.0,4.0,34.0,0.0,0.0,0.0,1.0,1.0,1152218.9005524863,174390.35714285713,5.0,13.0,1.0,3.0
406.0,5.0,35.0,0.0,0.0,1.0,1.0,0.0,1152257.8066298342,180200.0357142857,5.0,16.0,0.0,2.0
407.0,6.0,36.0,0.0,1.0,1.0,0.0,0.0,1152296.7127071824,186009.7142857143,5.0,14.0,1.0,4.0
408.0,0.0,37.0,1.0,1.0,0.0,0.0,0.0,1152335.6187845303,191819.39285714287,2.0,11.0,3.0,1.0
409.0,1.0,38.0,1.0,0.0,0.0,0.0,0.0,1152374.5248618785,197629.07142857142,5.0,12.0,2.0,3.0
410.0,2.0,39.0,0.0,0.0,0.0,0.0,0.0,1152413.4309392264,203438.75,1.0,13.0,1.0,2.0
411.0,3.0,40.0,0.0,0.0,0.0,0.0,1.0,1152452.3370165746,209248.42857142858,3.0,8.0,1.0,3.0
412.0,4.0,41.0,0.0,0.0,0.0,1.0,1.0,1152491.2430939227,215058.10714285716,5.0,10.0,0.0,2.0
413.0,5.0,42.0,0.0,0.0,1.0,1.0,0.0,1152530.1491712707,220867.7857142857,8.0,13.0,3.0,4.0
414.0,6.0,43.0,0.0,1.0,1.0,0.0,0.0,1152569.0552486188,226677.4642857143,8.0,14.0,3.0,4.0
415.0,0.0,44.0,1.0,1.0,0.0,0.0,0.0,1152607.9613259668,232487.14285714284,9.0,13.0,4.0,4.0
416.0,1.0,45.0,1.0,0.0,0.0,0.0,0.0,1152646.867403315,238296.82142857142,9.0,13.0,3.0,4.0
417.0,2.0,46.0,0.0,0.0,0.0,0.0,0.0,1152685.773480663,244106.5,8.0,14.0,2.0,3.0
418.0,3.0,47.0,0.0,0.0,0.0,0.0,1.0,1152724.679558011,249916.17857142858,7.0,13.0,0.0,3.0
419.0,4.0,48.0,0.0,0.0,0.0,1.0,1.0,1152763.5856353592,255725.85714285716,4.0,13.0,0.0,0.0
420.0,5.0,49.0,0.0,0.0,1.0,1.0,0.0,1152802.491712707,261535.5357142857,1.0,15.0,1.0,1.0
421.0,6.0,50.0,0.0,1.0,1.0,0.0,0.0,1152841.3977900553,267345.2142857143,8.0,17.0,1.0,0.0
422.0,0.0,51.0,1.0,1.0,0.0,0.0,0.0,1152880.3038674034,273154.89285714284,8.0,14.0,1.0,2.0
423.0,1.0,52.0,1.0,0.0,0.0,0.0,0.0,1152919.2099447513,278964.5714285714,5.0,15.0,1.0,3.0
424.0,2.0,53.0,0.0,0.0,0.0,0.0,0.0,1152958.1160220995,284774.25,8.0,16.0,1.0,2.0
425.0,3.0,54.0,0.0,0.0,0.0,0.0,1.0,1152997.0220994474,290583.9285714286,7.0,17.0,0.0,1.0
426.0,4.0,55.0,0.0,0.0,0.0,1.0,1.0,1153035.9281767956,296393.60714285716,5.0,18.0,0.0,1.0
427.0,5.0,56.0,0.0,0.0,1.0,1.0,0.0,1153074.8342541438,302203.2857142857,9.0,17.0,1.0,3.0
428.0,6.0,57.0,0.0,1.0,1.0,0.0,0.0,1153113.7403314917,308012.9642857143,8.0,17.0,0.0,1.0
429.0,0.0,58.0,1.0,1.0,0.0,0.0,1.0,1153152.6464088398,313822.64285714284,14.0,18.0,2.0,4.0
430.0,1.0,59.0,1.0,0.0,0.0,1.0,0.0,1153191.5524861878,319632.3214285714,10.0,15.0,2.0,3.0
431.0,2.0,60.0,0.0,0.0,1.0,0.0,0.0,1153230.458563536,325442.0,9.0,14.0,1.0,4.0
432.0,3.0,61.0,0.0,1.0,0.0,0.0,1.0,1153269.3646408839,347151.77419354836,9.0,18.0,2.0,1.0
433.0,4.0,62.0,1.0,0.0,0.0,1.0,1.0,1153308.270718232,368861.5483870968,5.0,12.0,3.0,4.0
434.0,5.0,63.0,0.0,0.0,1.0,1.0,0.0,1153347.1767955802,390571.32258064515,5.0,14.0,1.0,4.0
435.0,6.0,64.0,0.0,1.0,1.0,0.0,0.0,1153386.0828729281,412281.0967741936,1.0,16.0,1.0,1.0
436.0,0.0,65.0,1.0,1.0,0.0,0.0,0.0,1153424.9889502763,433990.87096774194,9.0,18.0,1.0,2.0
437.0,1.0,66.0,1.0,0.0,0.0,0.0,0.0,1153463.8950276242,455700.6451612903,9.0,18.0,1.0,2.0
438.0,2.0,67.0,0.0,0.0,0.0,0.0,0.0,1153502.8011049724,477410.41935483867,9.0,19.0,1.0,3.0
439.0,3.0,68.0,0.0,0.0,0.0,0.0,1.0,1153541.7071823205,499120.1935483871,9.0,18.0,1.0,1.0
440.0,4.0,69.0,0.0,0.0,0.0,1.0,1.0,1153580.6132596685,520829.9677419355,7.0,18.0,0.0,0.0
441.0,5.0,70.0,0.0,0.0,1.0,1.0,0.0,1153619.5193370166,542539.7419354839,8.0,18.0,0.0,1.0
442.0,6.0,71.0,0.0,1.0,1.0,0.0,0.0,1153658.4254143646,564249.5161290322,6.0,17.0,1.0,1.0
443.0,0.0,72.0,1.0,1.0,0.0,0.0,0.0,1153697.3314917127,585959.2903225806,3.0,16.0,1.0,0.0
444.0,1.0,73.0,1.0,0.0,0.0,0.0,0.0,1153736.2375690609,607669.064516129,6.0,17.0,1.0,2.0
445.0,2.0,74.0,0.0,0.0,0.0,0.0,0.0,1153775.1436464088,629378.8387096773,7.0,17.0,0.0,1.0
446.0,3.0,75.0,0.0,0.0,0.0,0.0,1.0,1153814.049723757,651088.6129032258,3.0,18.0,0.0,1.0
447.0,4.0,76.0,0.0,0.0,0.0,1.0,1.0,1153852.955801105,672798.3870967742,2.0,19.0,0.0,1.0
448.0,5.0,77.0,0.0,0.0,1.0,1.0,0.0,1153891.861878453,694508.1612903225,7.0,21.0,3.0,1.0
449.0,6.0,78.0,0.0,1.0,1.0,0.0,0.0,1153930.7679558012,716217.935483871,10.0,16.0,2.0,4.0
450.0,0.0,79.0,1.0,1.0,0.0,0.0,0.0,1153969.6740331491,737927.7096774194,4.0,14.0,1.0,2.0
451.0,1.0,80.0,1.0,0.0,0.0,0.0,0.0,1154008.5801104973,759637.4838709678,4.0,16.0,0.0,1.0
452.0,2.0,81.0,0.0,0.0,0.0,0.0,0.0,1154047.4861878452,781347.2580645161,9.0,18.0,0.0,2.0
453.0,3.0,82.0,0.0,0.0,0.0,0.0,1.0,1154086.3922651934,803057.0322580645,10.0,18.0,0.0,0.0
454.0,4.0,83.0,0.0,0.0,0.0,1.0,1.0,1154125.2983425413,824766.8064516129,5.0,18.0,0.0,1.0
455.0,5.0,84.0,0.0,0.0,1.0,1.0,0.0,1154164.2044198895,846476.5806451612,4.0,18.0,0.0,1.0
456.0,6.0,85.0,0.0,1.0,1.0,0.0,0.0,1154203.1104972376,868186.3548387097,5.0,20.0,3.0,1.0
457.0,0.0,86.0,1.0,1.0,0.0,0.0,0.0,1154242.0165745856,889896.1290322581,10.0,15.0,1.0,2.0
458.0,1.0,87.0,1.0,0.0,0.0,0.0,0.0,1154280.9226519337,911605.9032258064,5.0,17.0,0.0,0.0
459.0,2.0,88.0,0.0,0.0,0.0,0.0,0.0,1154319.8287292817,933315.6774193548,7.0,20.0,0.0,3.0
460.0,3.0,89.0,0.0,0.0,0.0,0.0,1.0,1154358.7348066298,955025.4516129032,11.0,18.0,0.0,3.0
461.0,4.0,90.0,0.0,0.0,0.0,1.0,1.0,1154397.640883978,976735.2258064516,8.0,20.0,0.0,1.0
462.0,5.0,91.0,0.0,0.0,1.0,1.0,0.0,1154436.546961326,998445.0,8.0,22.0,0.0,1.0
463.0,6.0,92.0,0.0,1.0,1.0,0.0,0.0,1154475.453038674,1022408.5666666667,7.0,23.0,0.0,1.0
464.0,0.0,93.0,1.0,1.0,0.0,0.0,0.0,1154514.359116022,1046372.1333333333,6.0,22.0,0.0,1.0
465.0,1.0,94.0,1.0,0.0,0.0,0.0,0.0,1154553.2651933702,1070335.7,6.0,20.0,0.0,1.0
466.0,2.0,95.0,0.0,0.0,0.0,0.0,0.0,1154592.1712707183,1094299.2666666666,11.0,16.0,1.0,4.0
467.0,3.0,96.0,0.0,0.0,0.0,0.0,1.0,1154631.0773480663,1118262.8333333333,10.0,18.0,0.0,3.0
468.0,4.0,97.0,0.0,0.0,0.0,1.0,1.0,1154669.9834254144,1142226.4,8.0,20.0,0.0,3.0
469.0,5.0,98.0,0.0,0.0,1.0,1.0,0.0,1154708.8895027624,1166189.9666666668,5.0,20.0,0.0,1.0
470.0,6.0,99.0,0.0,1.0,1.0,0.0,0.0,1154747.7955801105,1190153.5333333332,2.0,23.0,0.0,1.0
471.0,0.0,100.0,1.0,1.0,0.0,0.0,0.0,1154786.7016574587,1214117.1,4.0,21.0,0.0,1.0
472.0,1.0,101.0,1.0,0.0,0.0,0.0,0.0,1154825.6077348066,1238080.6666666667,3.0,22.0,0.0,1.0
473.0,2.0,102.0,0.0,0.0,0.0,0.0,1.0,1154864.5138121548,1262044.2333333334,5.0,20.0,2.0,1.0
474.0,3.0,103.0,0.0,0.0,0.0,1.0,1.0,1154903.4198895027,1286007.8,3.0,20.0,0.0,1.0
475.0,4.0,104.0,0.0,0.0,1.0,1.0,1.0,1154942.3259668509,1309971.3666666667,6.0,19.0,1.0,2.0
476.0,5.0,105.0,0.0,1.0,1.0,1.0,0.0,1154981.2320441988,1333934.9333333333,11.0,17.0,1.0,1.0
477.0,6.0,106.0,1.0,1.0,1.0,0.0,0.0,1155020.138121547,1357898.5,8.0,12.0,3.0,3.0
478.0,0.0,107.0,1.0,1.0,0.0,0.0,0.0,1155059.044198895,1381862.0666666667,10.0,16.0,1.0,2.0
479.0,1.0,108.0,1.0,0.0,0.0,0.0,0.0,1155097.950276243,1405825.6333333333,9.0,21.0,0.0,1.0
480.0,2.0,109.0,0.0,0.0,0.0,0.0,0.0,1155136.8563535912,1429789.2,5.0,20.0,0.0,2.0
481.0,3.0,110.0,0.0,0.0,0.0,0.0,1.0,1155175.7624309391,1453752.7666666666,8.0,19.0,1.0,1.0
482.0,4.0,111.0,0.0,0.0,0.0,1.0,1.0,1155214.6685082873,1477716.3333333333,6.0,20.0,2.0,1.0
483.0,5.0,112.0,0.0,0.0,1.0,1.0,0.0,1155253.5745856354,1501679.9,5.0,20.0,0.0,1.0
484.0,6.0,113.0,0.0,1.0,1.0,0.0,0.0,1155292.4806629834,1525643.4666666668,6.0,20.0,2.0,0.0
485.0,0.0,114.0,1.0,1.0,0.0,0.0,0.0,1155331.3867403315,1549607.0333333332,10.0,18.0,2.0,1.0
486.0,1.0,115.0,1.0,0.0,0.0,0.0,0.0,1155370.2928176795,1573570.6,8.0,18.0,2.0,2.0
487.0,2.0,116.0,0.0,0.0,0.0,0.0,0.0,1155409.1988950276,1597534.1666666665,7.0,19.0,0.0,1.0
488.0,3.0,117.0,0.0,0.0,0.0,0.0,1.0,1155448.1049723758,1621497.7333333334,6.0,21.0,0.0,1.0
489.0,4.0,118.0,0.0,0.0,0.0,1.0,1.0,1155487.0110497237,1645461.2999999998,6.0,23.0,1.0,2.0
490.0,5.0,119.0,0.0,0.0,1.0,1.0,1.0,1155525.9171270719,1669424.8666666667,7.0,20.0,0.0,2.0
491.0,6.0,120.0,0.0,1.0,1.0,1.0,0.0,1155564.8232044198,1693388.4333333333,13.0,22.0,0.0,1.0
492.0,0.0,121.0,1.0,1.0,1.0,0.0,0.0,1155603.729281768,1717352.0,7.0,23.0,0.0,1.0
493.0,1.0,122.0,1.0,1.0,0.0,0.0,0.0,1155642.6353591161,1729744.5161290322,6.0,23.0,0.0,1.0
494.0,2.0,123.0,1.0,0.0,0.0,0.0,0.0,1155681.541436464,1742137.0322580645,7.0,23.0,0.0,1.0
495.0,3.0,124.0,0.0,0.0,0.0,0.0,1.0,1155720.4475138122,1754529.5483870967,6.0,21.0,1.0,2.0
496.0,4.0,125.0,0.0,0.0,0.0,1.0,1.0,1155759.3535911602,1766922.064516129,5.0,21.0,0.0,0.0
497.0,5.0,126.0,0.0,0.0,1.0,1.0,0.0,1155798.2596685083,1779314.5806451612,8.0,21.0,0.0,1.0
498.0,6.0,127.0,0.0,1.0,1.0,0.0,0.0,1155837.1657458562,1791707.0967741935,9.0,23.0,1.0,1.0
499.0,0.0,128.0,1.0,1.0,0.0,0.0,0.0,1155876.0718232044,1804099.6129032257,12.0,23.0,0.0,2.0
500.0,1.0,129.0,1.0,0.0,0.0,0.0,0.0,1155914.9779005526,1816492.129032258,10.0,21.0,0.0,1.0
501.0,2.0,130.0,0.0,0.0,0.0,0.0,0.0,1155953.8839779005,1828884.6451612904,7.0,22.0,2.0,1.0
502.0,3.0,131.0,0.0,0.0,0.0,0.0,1.0,1155992.7900552487,1841277.1612903227,10.0,23.0,0.0,1.0
503.0,4.0,132.0,0.0,0.0,0.0,1.0,1.0,1156031.6961325966,1853669.677419355,10.0,18.0,0.0,3.0
504.0,5.0,133.0,0.0,0.0,1.0,1.0,0.0,1156070.6022099447,1866062.1935483871,9.0,18.0,0.0,4.0
505.0,6.0,134.0,0.0,1.0,1.0,0.0,0.0,1156109.508287293,1878454.7096774194,6.0,18.0,0.0,3.0
506.0,0.0,135.0,1.0,1.0,0.0,0.0,0.0,1156148.4143646408,1890847.2258064516,3.0,22.0,1.0,1.0
507.0,1.0,136.0,1.0,0.0,0.0,0.0,0.0,1156187.320441989,1903239.7419354839,5.0,23.0,0.0,4.0
508.0,2.0,137.0,0.0,0.0,0.0,0.0,0.0,1156226.226519337,1915632.2580645161,6.0,24.0,0.0,3.0
509.0,3.0,138.0,0.0,0.0,0.0,0.0,1.0,1156265.132596685,1928024.7741935484,8.0,22.0,0.0,1.0
510.0,4.0,139.0,0.0,0.0,0.0,1.0,1.0,1156304.0386740332,1940417.2903225806,11.0,23.0,1.0,2.0
511.0,5.0,140.0,0.0,0.0,1.0,1.0,0.0,1156342.9447513812,1952809.8064516129,8.0,16.0,1.0,3.0
512.0,6.0,141.0,0.0,1.0,1.0,0.0,0.0,1156381.8508287293,1965202.322580645,8.0,18.0,0.0,1.0
513.0,0.0,142.0,1.0,1.0,0.0,0.0,0.0,1156420.7569060773,1977594.8387096773,3.0,19.0,0.0,1.0
514.0,1.0,143.0,1.0,0.0,0.0,0.0,0.0,1156459.6629834254,1989987.3548387098,7.0,20.0,0.0,2.0
515.0,2.0,144.0,0.0,0.0,0.0,0.0,0.0,1156498.5690607736,2002379.870967742,11.0,18.0,1.0,2.0
516.0,3.0,145.0,0.0,0.0,0.0,0.0,1.0,1156537.4751381215,2014772.3870967743,7.0,20.0,0.0,1.0
517.0,4.0,146.0,0.0,0.0,0.0,1.0,1.0,1156576.3812154697,2027164.9032258065,6.0,22.0,0.0,0.0
518.0,5.0,147.0,0.0,0.0,1.0,1.0,0.0,1156615.2872928176,2039557.4193548388,10.0,24.0,0.0,2.0
519.0,6.0,148.0,0.0,1.0,1.0,0.0,0.0,1156654.1933701658,2051949.935483871,13.0,29.0,0.0,1.0
520.0,0.0,149.0,1.0,1.0,0.0,0.0,0.0,1156693.0994475137,2064342.4516129033,15.0,24.0,0.0,1.0
521.0,1.0,150.0,1.0,0.0,0.0,0.0,0.0,1156732.0055248619,2076734.9677419355,11.0,24.0,0.0,1.0
522.0,2.0,151.0,0.0,0.0,0.0,0.0,0.0,1156770.91160221,2089127.4838709678,10.0,24.0,0.0,0.0
523.0,3.0,152.0,0.0,0.0,0.0,0.0,1.0,1156809.817679558,2101520.0,11.0,25.0,0.0,2.0
524.0,4.0,153.0,0.0,0.0,0.0,1.0,1.0,1156848.723756906,2114298.6666666665,11.0,24.0,2.0,3.0
525.0,5.0,154.0,0.0,0.0,1.0,1.0,0.0,1156887.629834254,2127077.3333333335,16.0,24.0,1.0,2.0
526.0,6.0,155.0,0.0,1.0,1.0,0.0,0.0,1156926.5359116022,2139856.0,16.0,24.0,0.0,1.0
527.0,0.0,156.0,1.0,1.0,0.0,0.0,0.0,1156965.4419889504,2152634.6666666665,15.0,25.0,1.0,2.0
528.0,1.0,157.0,1.0,0.0,0.0,0.0,0.0,1157004.3480662983,2165413.3333333335,11.0,25.0,0.0,1.0
529.0,2.0,158.0,0.0,0.0,0.0,0.0,0.0,1157043.2541436465,2178192.0,12.0,26.0,1.0,1.0
530.0,3.0,159.0,0.0,0.0,0.0,0.0,1.0,1157082.1602209944,2190970.6666666665,14.0,27.0,0.0,1.0
531.0,4.0,160.0,0.0,0.0,0.0,1.0,1.0,1157121.0662983425,2203749.3333333335,15.0,28.0,0.0,1.0
532.0,5.0,161.0,0.0,0.0,1.0,1.0,0.0,1157159.9723756907,2216528.0,12.0,27.0,0.0,3.0
533.0,6.0,162.0,0.0,1.0,1.0,0.0,0.0,1157198.8784530386,2229306.6666666665,12.0,23.0,1.0,3.0
534.0,0.0,163.0,1.0,1.0,0.0,0.0,0.0,1157237.7845303868,2242085.3333333335,10.0,25.0,0.0,1.0
535.0,1.0,164.0,1.0,0.0,0.0,0.0,0.0,1157276.6906077347,2254864.0,12.0,25.0,0.0,1.0
536.0,2.0,165.0,0.0,0.0,0.0,0.0,0.0,1157315.596685083,2267642.6666666665,13.0,28.0,0.0,2.0
537.0,3.0,166.0,0.0,0.0,0.0,0.0,1.0,1157354.502762431,2280421.3333333335,13.0,29.0,0.0,1.0
538.0,4.0,167.0,0.0,0.0,0.0,1.0,1.0,1157393.408839779,2293200.0,15.0,28.0,0.0,0.0
539.0,5.0,168.0,0.0,0.0,1.0,1.0,0.0,1157432.3149171271,2305978.6666666665,13.0,29.0,0.0,1.0
540.0,6.0,169.0,0.0,1.0,1.0,0.0,0.0,1157471.220994475,2318757.3333333335,15.0,30.0,0.0,1.0
541.0,0.0,170.0,1.0,1.0,0.0,0.0,0.0,1157510.1270718232,2331536.0,13.0,32.0,0.0,1.0
542.0,1.0,171.0,1.0,0.0,0.0,0.0,0.0,1157549.0331491712,2344314.6666666665,17.0,32.0,0.0,1.0
543.0,2.0,172.0,0.0,0.0,0.0,0.0,0.0,1157587.9392265193,2357093.3333333335,17.0,31.0,0.0,1.0
544.0,3.0,173.0,0.0,0.0,0.0,0.0,1.0,1157626.8453038675,2369872.0,14.0,25.0,0.0,1.0
545.0,4.0,174.0,0.0,0.0,0.0,1.0,1.0,1157665.7513812154,2382650.6666666665,16.0,27.0,1.0,0.0
546.0,5.0,175.0,0.0,0.0,1.0,1.0,0.0,1157704.6574585636,2395429.3333333335,16.0,27.0,0.0,1.0
547.0,6.0,176.0,0.0,1.0,1.0,0.0,0.0,1157743.5635359115,2408208.0,17.0,29.0,0.0,1.0
548.0,0.0,177.0,1.0,1.0,0.0,0.0,0.0,1157782.4696132597,2420986.6666666665,17.0,31.0,1.0,1.0
549.0,1.0,178.0,1.0,0.0,0.0,0.0,0.0,1157821.3756906078,2433765.3333333335,17.0,28.0,2.0,1.0
550.0,2.0,179.0,0.0,0.0,0.0,0.0,0.0,1157860.2817679557,2446544.0,15.0,22.0,1.0,0.0
551.0,3.0,180.0,0.0,0.0,0.0,0.0,1.0,1157899.187845304,2459322.6666666665,14.0,25.0,0.0,1.0
552.0,4.0,181.0,0.0,0.0,0.0,1.0,1.0,1157938.0939226518,2472101.3333333335,15.0,27.0,0.0,2.0
553.0,5.0,182.0,0.0,0.0,1.0,1.0,0.0,1157977.0,2484880.0,16.0,28.0,0.0,1.0
554.0,6.0,183.0,0.0,1.0,1.0,0.0,0.0,1158025.6195652173,2480599.935483871,16.0,30.0,0.0,1.0
555.0,0.0,184.0,1.0,1.0,0.0,0.0,0.0,1158074.2391304348,2476319.870967742,15.0,29.0,0.0,1.0
556.0,1.0,185.0,1.0,0.0,0.0,0.0,0.0,1158122.858695652,2472039.806451613,16.0,31.0,0.0,1.0
557.0,2.0,186.0,0.0,0.0,0.0,0.0,0.0,1158171.4782608696,2467759.7419354836,16.0,29.0,1.0,1.0
558.0,3.0,187.0,0.0,0.0,0.0,0.0,1.0,1158220.097826087,2463479.6774193547,17.0,36.0,0.0,0.0
559.0,4.0,188.0,0.0,0.0,0.0,1.0,1.0,1158268.7173913044,2459199.6129032257,17.0,36.0,0.0,1.0
560.0,5.0,189.0,0.0,0.0,1.0,1.0,0.0,1158317.3369565217,2454919.5483870967,20.0,35.0,0.0,1.0
561.0,6.0,190.0,0.0,1.0,1.0,0.0,0.0,1158365.956521739,2450639.4838709678,19.0,34.0,0.0,1.0
562.0,0.0,191.0,1.0,1.0,0.0,0.0,0.0,1158414.5760869565,2446359.419354839,21.0,32.0,0.0,1.0
563.0,1.0,192.0,1.0,0.0,0.0,0.0,0.0,1158463.1956521738,2442079.35483871,19.0,33.0,0.0,1.0
564.0,2.0,193.0,0.0,0.0,0.0,0.0,0.0,1158511.8152173914,2437799.290322581,18.0,32.0,0.0,1.0
565.0,3.0,194.0,0.0,0.0,0.0,0.0,1.0,1158560.4347826086,2433519.2258064514,19.0,32.0,0.0,1.0
566.0,4.0,195.0,0.0,0.0,0.0,1.0,1.0,1158609.0543478262,2429239.1612903224,18.0,31.0,0.0,1.0
567.0,5.0,196.0,0.0,0.0,1.0,1.0,0.0,1158657.6739130435,2424959.0967741935,19.0,31.0,0.0,1.0
568.0,6.0,197.0,0.0,1.0,1.0,0.0,0.0,1158706.293478261,2420679.0322580645,18.0,31.0,0.0,1.0
569.0,0.0,198.0,1.0,1.0,0.0,0.0,0.0,1158754.9130434783,2416398.9677419355,17.0,31.0,1.0,1.0
570.0,1.0,199.0,1.0,0.0,0.0,0.0,0.0,1158803.5326086956,2412118.9032258065,19.0,35.0,0.0,1.0
571.0,2.0,200.0,0.0,0.0,0.0,0.0,0.0,1158852.152173913,2407838.8387096776,20.0,34.0,0.0,2.0
572.0,3.0,201.0,0.0,0.0,0.0,0.0,1.0,1158900.7717391304,2403558.7741935486,21.0,31.0,1.0,2.0
573.0,4.0,202.0,0.0,0.0,0.0,1.0,1.0,1158949.391304348,2399278.709677419,23.0,30.0,1.0,3.0
574.0,5.0,203.0,0.0,0.0,1.0,1.0,0.0,1158998.0108695652,2394998.64516129,20.0,28.0,0.0,1.0
575.0,6.0,204.0,0.0,1.0,1.0,0.0,0.0,1159046.6304347827,2390718.580645161,19.0,27.0,2.0,3.0
576.0,0.0,205.0,1.0,1.0,0.0,0.0,0.0,1159095.25,2386438.5161290322,18.0,27.0,2.0,1.0
577.0,1.0,206.0,1.0,0.0,0.0,0.0,0.0,1159143.8695652173,2382158.4516129033,16.0,28.0,0.0,1.0
578.0,2.0,207.0,0.0,0.0,0.0,0.0,0.0,1159192.4891304348,2377878.3870967743,15.0,30.0,0.0,1.0
579.0,3.0,208.0,0.0,0.0,0.0,0.0,1.0,1159241.108695652,2373598.3225806453,16.0,31.0,0.0,1.0
580.0,4.0,209.0,0.0,0.0,0.0,1.0,1.0,1159289.7282608696,2369318.2580645164,16.0,34.0,0.0,1.0
581.0,5.0,210.0,0.0,0.0,1.0,1.0,0.0,1159338.347826087,2365038.193548387,19.0,37.0,0.0,0.0
582.0,6.0,211.0,0.0,1.0,1.0,0.0,0.0,1159386.9673913044,2360758.129032258,22.0,39.0,0.0,0.0
583.0,0.0,212.0,1.0,1.0,0.0,0.0,0.0,1159435.5869565217,2356478.064516129,22.0,32.0,1.0,1.0
584.0,1.0,213.0,1.0,0.0,0.0,0.0,0.0,1159484.206521739,2352198.0,19.0,31.0,0.0,1.0
585.0,2.0,214.0,0.0,0.0,0.0,0.0,0.0,1159532.8260869565,2341136.3870967743,20.0,33.0,0.0,1.0
586.0,3.0,215.0,0.0,0.0,0.0,0.0,1.0,1159581.4456521738,2330074.7741935486,21.0,34.0,0.0,2.0
587.0,4.0,216.0,0.0,0.0,0.0,1.0,1.0,1159630.0652173914,2319013.1612903224,20.0,34.0,0.0,2.0
588.0,5.0,217.0,0.0,0.0,1.0,1.0,0.0,1159678.6847826086,2307951.5483870967,21.0,33.0,0.0,0.0
589.0,6.0,218.0,0.0,1.0,1.0,0.0,0.0,1159727.3043478262,2296889.935483871,22.0,33.0,0.0,2.0
590.0,0.0,219.0,1.0,1.0,0.0,0.0,0.0,1159775.9239130435,2285828.3225806453,22.0,32.0,1.0,1.0
591.0,1.0,220.0,1.0,0.0,0.0,0.0,0.0,1159824.543478261,2274766.709677419,20.0,33.0,0.0,0.0
592.0,2.0,221.0,0.0,0.0,0.0,0.0,0.0,1159873.1630434783,2263705.0967741935,19.0,34.0,0.0,1.0
593.0,3.0,222.0,0.0,0.0,0.0,0.0,1.0,1159921.7826086956,2252643.4838709678,20.0,34.0,0.0,2.0
594.0,4.0,223.0,0.0,0.0,0.0,1.0,1.0,1159970.402173913,2241581.870967742,20.0,35.0,1.0,0.0
595.0,5.0,224.0,0.0,0.0,1.0,1.0,0.0,1160019.0217391304,2230520.258064516,22.0,33.0,1.0,0.0
596.0,6.0,225.0,0.0,1.0,1.0,0.0,1.0,1160067.641304348,2219458.64516129,23.0,31.0,1.0,2.0
597.0,0.0,226.0,1.0,1.0,0.0,1.0,0.0,1160116.2608695652,2208397.0322580645,20.0,31.0,1.0,0.0
598.0,1.0,227.0,1.0,0.0,1.0,0.0,0.0,1160164.8804347827,2197335.419354839,21.0,35.0,1.0,1.0
599.0,2.0,228.0,0.0,1.0,0.0,0.0,0.0,1160213.5,2186273.806451613,20.0,30.0,0.0,2.0
600.0,3.0,229.0,1.0,0.0,0.0,0.0,1.0,1160262.1195652173,2175212.193548387,19.0,27.0,1.0,2.0
601.0,4.0,230.0,0.0,0.0,0.0,1.0,1.0,1160310.7391304348,2164150.580645161,19.0,29.0,1.0,1.0
602.0,5.0,231.0,0.0,0.0,1.0,1.0,0.0,1160359.358695652,2153088.9677419355,19.0,30.0,0.0,1.0
603.0,6.0,232.0,0.0,1.0,1.0,0.0,0.0,1160407.9782608696,2142027.35483871,20.0,34.0,0.0,1.0
604.0,0.0,233.0,1.0,1.0,0.0,0.0,0.0,1160456.597826087,2130965.741935484,21.0,35.0,0.0,1.0
605.0,1.0,234.0,1.0,0.0,0.0,0.0,0.0,1160505.2173913044,2119904.129032258,20.0,35.0,1.0,2.0
606.0,2.0,235.0,0.0,0.0,0.0,0.0,0.0,1160553.8369565217,2108842.5161290322,21.0,37.0,1.0,2.0
607.0,3.0,236.0,0.0,0.0,0.0,0.0,1.0,1160602.456521739,2097780.9032258065,23.0,38.0,1.0,2.0
608.0,4.0,237.0,0.0,0.0,0.0,1.0,1.0,1160651.0760869565,2086719.2903225806,26.0,38.0,0.0,1.0
609.0,5.0,238.0,0.0,0.0,1.0,1.0,0.0,1160699.6956521738,2075657.677419355,25.0,36.0,1.0,1.0
610.0,6.0,239.0,0.0,1.0,1.0,0.0,0.0,1160748.3152173914,2064596.064516129,25.0,37.0,0.0,1.0
611.0,0.0,240.0,1.0,1.0,0.0,0.0,0.0,1160796.9347826086,2053534.4516129033,22.0,38.0,1.0,0.0
612.0,1.0,241.0,1.0,0.0,0.0,0.0,0.0,1160845.5543478262,2042472.8387096773,23.0,34.0,0.0,1.0
613.0,2.0,242.0,0.0,0.0,0.0,0.0,0.0,1160894.1739130435,2031411.2258064516,23.0,33.0,0.0,2.0
614.0,3.0,243.0,0.0,0.0,0.0,0.0,1.0,1160942.793478261,2020349.6129032257,25.0,35.0,0.0,3.0
615.0,4.0,244.0,0.0,0.0,0.0,1.0,1.0,1160991.4130434783,2009288.0,23.0,31.0,1.0,2.0
616.0,5.0,245.0,0.0,0.0,1.0,1.0,0.0,1161040.0326086956,1984196.5,19.0,26.0,2.0,3.0
617.0,6.0,246.0,0.0,1.0,1.0,0.0,0.0,1161088.652173913,1959105.0,17.0,28.0,1.0,2.0
618.0,0.0,247.0,1.0,1.0,0.0,0.0,0.0,1161137.2717391304,1934013.5,15.0,28.0,1.0,3.0
619.0,1.0,248.0,1.0,0.0,0.0,0.0,0.0,1161185.891304348,1908922.0,18.0,32.0,0.0,1.0
620.0,2.0,249.0,0.0,0.0,0.0,0.0,0.0,1161234.5108695652,1883830.5,19.0,33.0,0.0,0.0
621.0,3.0,250.0,0.0,0.0,0.0,0.0,1.0,1161283.1304347827,1858739.0,20.0,35.0,0.0,2.0
622.0,4.0,251.0,0.0,0.0,0.0,1.0,1.0,1161331.75,1833647.5,23.0,35.0,0.0,1.0
623.0,5.0,252.0,0.0,0.0,1.0,1.0,0.0,1161380.3695652173,1808556.0,23.0,35.0,0.0,1.0
624.0,6.0,253.0,0.0,1.0,1.0,0.0,0.0,1161428.9891304348,1783464.5,22.0,34.0,0.0,1.0
625.0,0.0,254.0,1.0,1.0,0.0,0.0,0.0,1161477.608695652,1758373.0,21.0,31.0,0.0,3.0
626.0,1.0,255.0,1.0,0.0,0.0,0.0,0.0,1161526.2282608696,1733281.5,21.0,30.0,0.0,1.0
627.0,2.0,256.0,0.0,0.0,0.0,0.0,0.0,1161574.847826087,1708190.0,18.0,32.0,0.0,1.0
628.0,3.0,257.0,0.0,0.0,0.0,0.0,1.0,1161623.4673913044,1683098.5,18.0,32.0,0.0,1.0
629.0,4.0,258.0,0.0,0.0,0.0,1.0,1.0,1161672.0869565217,1658007.0,19.0,31.0,0.0,1.0
630.0,5.0,259.0,0.0,0.0,1.0,1.0,0.0,1161720.706521739,1632915.5,18.0,34.0,0.0,1.0
631.0,6.0,260.0,0.0,1.0,1.0,0.0,0.0,1161769.3260869565,1607824.0,18.0,34.0,2.0,1.0
632.0,0.0,261.0,1.0,1.0,0.0,0.0,0.0,1161817.9456521738,1582732.5,21.0,34.0,1.0,3.0
633.0,1.0,262.0,1.0,0.0,0.0,0.0,0.0,1161866.5652173914,1557641.0,21.0,35.0,0.0,2.0
634.0,2.0,263.0,0.0,0.0,0.0,0.0,0.0,1161915.1847826086,1532549.5,24.0,36.0,1.0,0.0
635.0,3.0,264.0,0.0,0.0,0.0,0.0,1.0,1161963.8043478262,1507458.0,23.0,34.0,2.0,1.0
636.0,4.0,265.0,0.0,0.0,0.0,1.0,1.0,1162012.4239130435,1482366.5,22.0,33.0,0.0,1.0
637.0,5.0,266.0,0.0,0.0,1.0,1.0,0.0,1162061.043478261,1457275.0,22.0,30.0,0.0,2.0
638.0,6.0,267.0,0.0,1.0,1.0,0.0,0.0,1162109.6630434783,1432183.5,21.0,29.0,1.0,2.0
639.0,0.0,268.0,1.0,1.0,0.0,0.0,0.0,1162158.2826086956,1407092.0,17.0,28.0,3.0,1.0
640.0,1.0,269.0,1.0,0.0,0.0,0.0,0.0,1162206.902173913,1382000.5,15.0,28.0,0.0,1.0
641.0,2.0,270.0,0.0,0.0,0.0,0.0,0.0,1162255.5217391304,1356909.0,18.0,29.0,1.0,1.0
642.0,3.0,271.0,0.0,0.0,0.0,0.0,1.0,1162304.141304348,1331817.5,19.0,31.0,0.0,1.0
643.0,4.0,272.0,0.0,0.0,0.0,1.0,1.0,1162352.7608695652,1306726.0,19.0,31.0,1.0,1.0
644.0,5.0,273.0,0.0,0.0,1.0,1.0,0.0,1162401.3804347827,1281634.5,18.0,26.0,2.0,4.0
645.0,6.0,274.0,0.0,1.0,1.0,0.0,0.0,1162450.0,1256543.0,16.0,29.0,1.0,2.0
646.0,0.0,275.0,1.0,1.0,0.0,0.0,0.0,1162498.6195652173,1221732.7741935484,15.0,30.0,1.0,4.0
647.0,1.0,276.0,1.0,0.0,0.0,0.0,0.0,1162547.2391304348,1186922.5483870967,15.0,23.0,3.0,2.0
648.0,2.0,277.0,0.0,0.0,0.0,0.0,0.0,1162595.858695652,1152112.322580645,19.0,28.0,0.0,1.0
649.0,3.0,278.0,0.0,0.0,0.0,0.0,1.0,1162644.4782608696,1117302.0967741935,19.0,27.0,2.0,1.0
650.0,4.0,279.0,0.0,0.0,0.0,1.0,1.0,1162693.097826087,1082491.870967742,14.0,28.0,0.0,1.0
651.0,5.0,280.0,0.0,0.0,1.0,1.0,0.0,1162741.7173913044,1047681.6451612903,18.0,29.0,1.0,3.0
652.0,6.0,281.0,0.0,1.0,1.0,0.0,0.0,1162790.3369565217,1012871.4193548387,14.0,25.0,1.0,3.0
653.0,0.0,282.0,1.0,1.0,0.0,0.0,0.0,1162838.956521739,978061.1935483871,17.0,22.0,2.0,1.0
654.0,1.0,283.0,1.0,0.0,0.0,0.0,1.0,1162887.5760869565,943250.9677419355,13.0,25.0,1.0,1.0
655.0,2.0,284.0,0.0,0.0,0.0,1.0,0.0,1162936.1956521738,908440.7419354839,15.0,26.0,1.0,2.0
656.0,3.0,285.0,0.0,0.0,1.0,0.0,1.0,1162984.8152173914,873630.5161290322,14.0,25.0,1.0,2.0
657.0,4.0,286.0,0.0,1.0,0.0,1.0,1.0,1163033.4347826086,838820.2903225806,13.0,25.0,1.0,1.0
658.0,5.0,287.0,1.0,0.0,1.0,1.0,0.0,1163082.0543478262,804010.064516129,16.0,28.0,0.0,1.0
659.0,6.0,288.0,0.0,1.0,1.0,0.0,0.0,1163130.6739130435,769199.8387096773,16.0,29.0,1.0,0.0
660.0,0.0,289.0,1.0,1.0,0.0,0.0,0.0,1163179.293478261,734389.6129032258,16.0,28.0,1.0,1.0
661.0,1.0,290.0,1.0,0.0,0.0,0.0,0.0,1163227.9130434783,699579.3870967742,16.0,27.0,0.0,1.0
662.0,2.0,291.0,0.0,0.0,0.0,0.0,0.0,1163276.5326086956,664769.1612903225,17.0,28.0,1.0,1.0
663.0,3.0,292.0,0.0,0.0,0.0,0.0,1.0,1163325.152173913,629958.9354838709,18.0,26.0,3.0,2.0
664.0,4.0,293.0,0.0,0.0,0.0,1.0,1.0,1163373.7717391304,595148.7096774194,17.0,27.0,0.0,1.0
665.0,5.0,294.0,0.0,0.0,1.0,1.0,0.0,1163422.391304348,560338.4838709678,14.0,27.0,0.0,0.0
666.0,6.0,295.0,0.0,1.0,1.0,0.0,0.0,1163471.0108695652,525528.2580645161,14.0,27.0,0.0,1.0
667.0,0.0,296.0,1.0,1.0,0.0,0.0,0.0,1163519.6304347827,490718.0322580645,15.0,27.0,0.0,1.0
668.0,1.0,297.0,1.0,0.0,0.0,0.0,0.0,1163568.25,455907.80645161285,17.0,26.0,0.0,1.0
669.0,2.0,298.0,0.0,0.0,0.0,0.0,0.0,1163616.8695652173,421097.5806451612,15.0,25.0,1.0,2.0
670.0,3.0,299.0,0.0,0.0,0.0,0.0,1.0,1163665.4891304348,386287.3548387097,16.0,26.0,2.0,1.0
671.0,4.0,300.0,0.0,0.0,0.0,1.0,1.0,1163714.108695652,351477.12903225806,16.0,27.0,1.0,1.0
672.0,5.0,301.0,0.0,0.0,1.0,1.0,0.0,1163762.7282608696,316666.9032258064,14.0,25.0,1.0,1.0
673.0,6.0,302.0,0.0,1.0,1.0,0.0,0.0,1163811.347826087,281856.6774193548,16.0,26.0,1.0,4.0
674.0,0.0,303.0,1.0,1.0,0.0,0.0,1.0,1163859.9673913044,247046.45161290315,13.0,23.0,0.0,2.0
675.0,1.0,304.0,1.0,0.0,0.0,1.0,0.0,1163908.5869565217,212236.22580645164,11.0,25.0,0.0,2.0
676.0,2.0,305.0,0.0,0.0,1.0,0.0,0.0,1163957.206521739,177426.0,14.0,24.0,0.0,0.0
677.0,3.0,306.0,0.0,1.0,0.0,0.0,1.0,1164005.8260869565,174820.96666666667,13.0,25.0,1.0,1.0
678.0,4.0,307.0,1.0,0.0,0.0,1.0,1.0,1164054.4456521738,172215.93333333332,14.0,26.0,0.0,1.0
679.0,5.0,308.0,0.0,0.0,1.0,1.0,0.0,1164103.0652173914,169610.9,14.0,26.0,0.0,1.0
680.0,6.0,309.0,0.0,1.0,1.0,0.0,0.0,1164151.6847826086,167005.86666666667,13.0,26.0,0.0,1.0
681.0,0.0,310.0,1.0,1.0,0.0,0.0,0.0,1164200.3043478262,164400.83333333334,13.0,27.0,0.0,1.0
682.0,1.0,311.0,1.0,0.0,0.0,0.0,0.0,1164248.9239130435,161795.8,15.0,27.0,2.0,1.0
683.0,2.0,312.0,0.0,0.0,0.0,0.0,0.0,1164297.543478261,159190.76666666666,14.0,28.0,3.0,1.0
684.0,3.0,313.0,0.0,0.0,0.0,0.0,1.0,1164346.1630434783,156585.73333333334,15.0,27.0,1.0,1.0
685.0,4.0,314.0,0.0,0.0,0.0,1.0,1.0,1164394.7826086956,153980.7,15.0,26.0,3.0,2.0
686.0,5.0,315.0,0.0,0.0,1.0,1.0,0.0,1164443.402173913,151375.66666666666,15.0,21.0,3.0,2.0
687.0,6.0,316.0,0.0,1.0,1.0,0.0,0.0,1164492.0217391304,148770.63333333333,12.0,25.0,1.0,1.0
688.0,0.0,317.0,1.0,1.0,0.0,0.0,0.0,1164540.641304348,146165.6,10.0,27.0,0.0,2.0
689.0,1.0,318.0,1.0,0.0,0.0,0.0,0.0,1164589.2608695652,143560.56666666665,11.0,22.0,2.0,1.0
690.0,2.0,319.0,0.0,0.0,0.0,0.0,0.0,1164637.8804347827,140955.53333333333,10.0,22.0,1.0,1.0
691.0,3.0,320.0,0.0,0.0,0.0,0.0,1.0,1164686.5,138350.5,9.0,24.0,0.0,1.0
692.0,4.0,321.0,0.0,0.0,0.0,1.0,1.0,1164735.1195652173,135745.46666666667,10.0,25.0,0.0,0.0
693.0,5.0,322.0,0.0,0.0,1.0,1.0,0.0,1164783.7391304348,133140.43333333335,10.0,25.0,1.0,0.0
694.0,6.0,323.0,0.0,1.0,1.0,0.0,0.0,1164832.358695652,130535.4,10.0,25.0,0.0,1.0
695.0,0.0,324.0,1.0,1.0,0.0,0.0,0.0,1164880.9782608696,127930.36666666667,13.0,23.0,2.0,3.0
696.0,1.0,325.0,1.0,0.0,0.0,0.0,0.0,1164929.597826087,125325.33333333334,12.0,23.0,1.0,1.0
697.0,2.0,326.0,0.0,0.0,0.0,0.0,0.0,1164978.2173913044,122720.3,11.0,23.0,1.0,1.0
698.0,3.0,327.0,0.0,0.0,0.0,0.0,1.0,1165026.8369565217,120115.26666666666,13.0,23.0,1.0,1.0
699.0,4.0,328.0,0.0,0.0,0.0,1.0,1.0,1165075.456521739,117510.23333333334,10.0,23.0,1.0,1.0
700.0,5.0,329.0,0.0,0.0,1.0,1.0,0.0,1165124.0760869565,114905.2,9.0,23.0,0.0,1.0
701.0,6.0,330.0,0.0,1.0,1.0,0.0,0.0,1165172.6956521738,112300.16666666666,10.0,24.0,0.0,1.0
702.0,0.0,331.0,1.0,1.0,0.0,0.0,0.0,1165221.3152173914,109695.13333333333,13.0,25.0,1.0,2.0
703.0,1.0,332.0,1.0,0.0,0.0,0.0,0.0,1165269.9347826086,107090.1,13.0,22.0,1.0,1.0
704.0,2.0,333.0,0.0,0.0,0.0,0.0,0.0,1165318.5543478262,104485.06666666667,10.0,17.0,1.0,3.0
705.0,3.0,334.0,0.0,0.0,0.0,0.0,1.0,1165367.1739130435,101880.03333333334,8.0,18.0,0.0,1.0
706.0,4.0,335.0,0.0,0.0,0.0,1.0,1.0,1165415.793478261,99275.0,9.0,19.0,2.0,3.0
707.0,5.0,336.0,0.0,0.0,1.0,1.0,0.0,1165464.4130434783,99925.3870967742,5.0,15.0,3.0,2.0
708.0,6.0,337.0,0.0,1.0,1.0,0.0,0.0,1165513.0326086956,100575.7741935484,6.0,17.0,4.0,4.0
709.0,0.0,338.0,1.0,1.0,0.0,0.0,1.0,1165561.652173913,101226.16129032258,8.0,19.0,1.0,1.0
710.0,1.0,339.0,1.0,0.0,0.0,1.0,0.0,1165610.2717391304,101876.54838709677,12.0,20.0,0.0,3.0
711.0,2.0,340.0,0.0,0.0,1.0,0.0,1.0,1165658.891304348,102526.93548387097,9.0,17.0,0.0,3.0
712.0,3.0,341.0,0.0,1.0,0.0,1.0,1.0,1165707.5108695652,103177.32258064517,10.0,15.0,1.0,4.0
713.0,4.0,342.0,1.0,0.0,1.0,1.0,1.0,1165756.1304347827,103827.70967741935,4.0,18.0,0.0,3.0
714.0,5.0,343.0,0.0,1.0,1.0,1.0,0.0,1165804.75,104478.09677419355,1.0,19.0,0.0,1.0
715.0,6.0,344.0,1.0,1.0,1.0,0.0,0.0,1165853.3695652173,105128.48387096774,1.0,20.0,1.0,1.0
716.0,0.0,345.0,1.0,1.0,0.0,0.0,0.0,1165901.9891304348,105778.87096774194,3.0,20.0,0.0,2.0
717.0,1.0,346.0,1.0,0.0,0.0,0.0,0.0,1165950.608695652,106429.25806451612,5.0,20.0,0.0,1.0
718.0,2.0,347.0,0.0,0.0,0.0,0.0,0.0,1165999.2282608696,107079.64516129032,5.0,20.0,2.0,0.0
719.0,3.0,348.0,0.0,0.0,0.0,0.0,1.0,1166047.847826087,107730.03225806452,5.0,21.0,0.0,1.0
720.0,4.0,349.0,0.0,0.0,0.0,1.0,1.0,1166096.4673913044,108380.41935483871,6.0,21.0,0.0,1.0
721.0,5.0,350.0,0.0,0.0,1.0,1.0,0.0,1166145.0869565217,109030.80645161291,8.0,21.0,0.0,1.0
722.0,6.0,351.0,0.0,1.0,1.0,0.0,0.0,1166193.706521739,109681.19354838709,6.0,22.0,0.0,1.0
723.0,0.0,352.0,1.0,1.0,0.0,0.0,0.0,1166242.3260869565,110331.58064516129,11.0,21.0,1.0,1.0
724.0,1.0,353.0,1.0,0.0,0.0,0.0,0.0,1166290.9456521738,110981.96774193548,4.0,13.0,1.0,2.0
725.0,2.0,354.0,0.0,0.0,0.0,0.0,0.0,1166339.5652173914,111632.35483870968,3.0,17.0,0.0,1.0
726.0,3.0,355.0,0.0,0.0,0.0,0.0,1.0,1166388.1847826086,112282.74193548388,6.0,20.0,1.0,0.0
727.0,4.0,356.0,0.0,0.0,0.0,1.0,1.0,1166436.8043478262,112933.12903225806,6.0,14.0,2.0,3.0
728.0,5.0,357.0,0.0,0.0,1.0,1.0,1.0,1166485.4239130435,113583.51612903226,5.0,12.0,2.0,1.0
729.0,6.0,358.0,0.0,1.0,1.0,1.0,1.0,1166534.043478261,114233.90322580645,3.0,12.0,3.0,3.0
730.0,0.0,359.0,1.0,1.0,1.0,1.0,0.0,1166582.6630434783,114884.29032258064,3.0,10.0,3.0,4.0
731.0,1.0,360.0,1.0,1.0,1.0,0.0,0.0,1166631.2826086956,115534.67741935483,0.0,13.0,1.0,3.0
732.0,2.0,361.0,1.0,1.0,0.0,0.0,0.0,1166679.902173913,116185.06451612903,-1.0,15.0,0.0,1.0
733.0,3.0,362.0,1.0,0.0,0.0,0.0,1.0,1166728.5217391304,116835.45161290323,-1.0,17.0,0.0,1.0
734.0,4.0,363.0,0.0,0.0,0.0,1.0,1.0,1166777.141304348,117485.83870967742,0.0,16.0,0.0,1.0
735.0,5.0,364.0,0.0,0.0,1.0,1.0,1.0,1166825.7608695652,118136.2258064516,1.0,18.0,0.0,1.0
736.0,6.0,365.0,0.0,1.0,1.0,1.0,0.0,1166874.3804347827,118786.6129032258,8.0,17.0,1.0,2.0
737.0,0.0,1.0,1.0,1.0,1.0,0.0,0.0,1166923.0,119437.0,4.0,14.0,2.0,1.0
738.0,1.0,2.0,1.0,1.0,0.0,0.0,0.0,1166971.7403314917,120626.48387096774,8.0,18.0,1.0,2.0
739.0,2.0,3.0,1.0,0.0,0.0,0.0,0.0,1167020.4806629834,121815.96774193548,10.0,18.0,2.0,4.0
740.0,3.0,4.0,0.0,0.0,0.0,0.0,1.0,1167069.220994475,123005.45161290323,7.0,14.0,1.0,1.0
741.0,4.0,5.0,0.0,0.0,0.0,1.0,1.0,1167117.9613259668,124194.93548387097,2.0,14.0,0.0,2.0
742.0,5.0,6.0,0.0,0.0,1.0,1.0,0.0,1167166.7016574587,125384.41935483871,11.0,17.0,2.0,1.0
743.0,6.0,7.0,0.0,1.0,1.0,0.0,0.0,1167215.4419889504,126573.90322580645,9.0,16.0,2.0,4.0
744.0,0.0,8.0,1.0,1.0,0.0,0.0,0.0,1167264.182320442,127763.3870967742,4.0,14.0,0.0,1.0
745.0,1.0,9.0,1.0,0.0,0.0,0.0,0.0,1167312.9226519337,128952.87096774194,2.0,15.0,1.0,2.0
746.0,2.0,10.0,0.0,0.0,0.0,0.0,0.0,1167361.6629834254,130142.35483870968,0.0,15.0,1.0,2.0
747.0,3.0,11.0,0.0,0.0,0.0,0.0,1.0,1167410.403314917,131331.83870967742,7.0,13.0,4.0,3.0
748.0,4.0,12.0,0.0,0.0,0.0,1.0,1.0,1167459.1436464088,132521.32258064515,8.0,14.0,1.0,3.0
749.0,5.0,13.0,0.0,0.0,1.0,1.0,0.0,1167507.8839779005,133710.8064516129,6.0,14.0,1.0,3.0
750.0,6.0,14.0,0.0,1.0,1.0,0.0,0.0,1167556.6243093922,134900.29032258064,5.0,16.0,1.0,2.0
751.0,0.0,15.0,1.0,1.0,0.0,0.0,0.0,1167605.3646408839,136089.7741935484,3.0,16.0,1.0,1.0
752.0,1.0,16.0,1.0,0.0,0.0,0.0,0.0,1167654.1049723758,137279.25806451612,2.0,17.0,1.0,0.0
753.0,2.0,17.0,0.0,0.0,0.0,0.0,0.0,1167702.8453038675,138468.74193548388,6.0,17.0,0.0,0.0
754.0,3.0,18.0,0.0,0.0,0.0,0.0,1.0,1167751.5856353592,139658.2258064516,12.0,17.0,0.0,3.0
755.0,4.0,19.0,0.0,0.0,0.0,1.0,1.0,1167800.3259668509,140847.70967741936,10.0,17.0,1.0,3.0
756.0,5.0,20.0,0.0,0.0,1.0,1.0,0.0,1167849.0662983425,142037.1935483871,9.0,17.0,1.0,3.0
757.0,6.0,21.0,0.0,1.0,1.0,0.0,0.0,1167897.8066298342,143226.67741935485,9.0,18.0,2.0,1.0
758.0,0.0,22.0,1.0,1.0,0.0,0.0,0.0,1167946.546961326,144416.16129032258,10.0,20.0,0.0,0.0
759.0,1.0,23.0,1.0,0.0,0.0,0.0,0.0,1167995.2872928176,145605.64516129033,6.0,18.0,1.0,3.0
760.0,2.0,24.0,0.0,0.0,0.0,0.0,0.0,1168044.0276243093,146795.12903225806,9.0,16.0,0.0,3.0
761.0,3.0,25.0,0.0,0.0,0.0,0.0,1.0,1168092.7679558012,147984.61290322582,12.0,17.0,1.0,4.0
762.0,4.0,26.0,0.0,0.0,0.0,1.0,1.0,1168141.508287293,149174.09677419355,10.0,20.0,0.0,0.0
763.0,5.0,27.0,0.0,0.0,1.0,1.0,0.0,1168190.2486187846,150363.5806451613,10.0,20.0,0.0,1.0
764.0,6.0,28.0,0.0,1.0,1.0,0.0,0.0,1168238.9889502763,151553.06451612903,8.0,19.0,2.0,1.0
765.0,0.0,29.0,1.0,1.0,0.0,0.0,0.0,1168287.729281768,152742.5483870968,11.0,19.0,0.0,1.0
766.0,1.0,30.0,1.0,0.0,0.0,0.0,0.0,1168336.4696132597,153932.03225806452,6.0,13.0,1.0,0.0
767.0,2.0,31.0,0.0,0.0,0.0,0.0,0.0,1168385.2099447513,155121.51612903224,5.0,14.0,1.0,1.0
768.0,3.0,32.0,0.0,0.0,0.0,0.0,1.0,1168433.950276243,156311.0,9.0,16.0,2.0,0.0
769.0,4.0,33.0,0.0,0.0,0.0,1.0,1.0,1168482.6906077347,165060.35714285713,5.0,16.0,1.0,1.0
770.0,5.0,34.0,0.0,0.0,1.0,1.0,0.0,1168531.4309392264,173809.7142857143,10.0,13.0,3.0,3.0
771.0,6.0,35.0,0.0,1.0,1.0,0.0,0.0,1168580.1712707183,182559.07142857142,5.0,14.0,1.0,1.0
772.0,0.0,36.0,1.0,1.0,0.0,0.0,0.0,1168628.91160221,191308.42857142858,2.0,15.0,0.0,1.0
773.0,1.0,37.0,1.0,0.0,0.0,0.0,0.0,1168677.6519337017,200057.7857142857,6.0,14.0,1.0,2.0
774.0,2.0,38.0,0.0,0.0,0.0,0.0,0.0,1168726.3922651934,208807.14285714284,1.0,15.0,0.0,1.0
775.0,3.0,39.0,0.0,0.0,0.0,0.0,1.0,1168775.132596685,217556.5,8.0,17.0,0.0,3.0
776.0,4.0,40.0,0.0,0.0,0.0,1.0,1.0,1168823.8729281768,226305.85714285716,11.0,18.0,0.0,4.0
777.0,5.0,41.0,0.0,0.0,1.0,1.0,0.0,1168872.6132596685,235055.2142857143,6.0,17.0,1.0,2.0
778.0,6.0,42.0,0.0,1.0,1.0,0.0,0.0,1168921.3535911602,243804.57142857142,6.0,17.0,1.0,2.0
779.0,0.0,43.0,1.0,1.0,0.0,0.0,0.0,1168970.0939226518,252553.92857142858,7.0,15.0,1.0,3.0
780.0,1.0,44.0,1.0,0.0,0.0,0.0,0.0,1169018.8342541438,261303.2857142857,12.0,19.0,1.0,4.0
781.0,2.0,45.0,0.0,0.0,0.0,0.0,0.0,1169067.5745856354,270052.64285714284,8.0,20.0,0.0,1.0
782.0,3.0,46.0,0.0,0.0,0.0,0.0,1.0,1169116.3149171271,278802.0,10.0,20.0,0.0,1.0
783.0,4.0,47.0,0.0,0.0,0.0,1.0,1.0,1169165.0552486188,287551.35714285716,5.0,18.0,1.0,0.0
784.0,5.0,48.0,0.0,0.0,1.0,1.0,0.0,1169213.7955801105,296300.7142857143,6.0,18.0,0.0,0.0
785.0,6.0,49.0,0.0,1.0,1.0,0.0,0.0,1169262.5359116022,305050.0714285714,6.0,15.0,1.0,2.0
786.0,0.0,50.0,1.0,1.0,0.0,0.0,0.0,1169311.276243094,313799.4285714286,4.0,14.0,3.0,4.0
787.0,1.0,51.0,1.0,0.0,0.0,0.0,0.0,1169360.0165745856,322548.7857142857,9.0,18.0,2.0,0.0
788.0,2.0,52.0,0.0,0.0,0.0,0.0,0.0,1169408.7569060773,331298.14285714284,7.0,17.0,0.0,1.0
789.0,3.0,53.0,0.0,0.0,0.0,0.0,1.0,1169457.497237569,340047.5,4.0,18.0,0.0,2.0
790.0,4.0,54.0,0.0,0.0,0.0,1.0,1.0,1169506.2375690609,348796.85714285716,3.0,18.0,0.0,1.0
791.0,5.0,55.0,0.0,0.0,1.0,1.0,0.0,1169554.9779005526,357546.2142857143,7.0,15.0,1.0,2.0
792.0,6.0,56.0,0.0,1.0,1.0,0.0,0.0,1169603.7182320443,366295.5714285714,4.0,10.0,2.0,3.0
793.0,0.0,57.0,1.0,1.0,0.0,0.0,0.0,1169652.458563536,375044.9285714286,4.0,13.0,1.0,1.0
794.0,1.0,58.0,1.0,0.0,0.0,0.0,1.0,1169701.1988950276,383794.2857142857,7.0,14.0,1.0,0.0
795.0,2.0,59.0,0.0,0.0,0.0,1.0,0.0,1169749.9392265193,392543.64285714284,8.0,14.0,1.0,0.0
796.0,3.0,60.0,0.0,0.0,1.0,0.0,1.0,1169798.679558011,401293.0,5.0,12.0,2.0,3.0
